SSC_CODE_2016,Tot_OcMngr,Tot_OcProf,Tot_OcTechTrdW,Tot_OcComPerS,Tot_OcClericAdm,Tot_OcSalesWk,Tot_OcMacOp_Driv,Tot_OcLab,Tot_OcID_NS,Tot_Tot
SSC50001,4,3,4,4,3,4,4,8,3,35
SSC50002,78,94,120,70,68,59,33,58,10,587
SSC50003,17,3,6,0,3,4,4,8,0,50
SSC50004,11,0,0,0,0,0,0,0,0,20
SSC50005,18,0,0,0,0,0,0,4,0,27
SSC50006,107,206,69,58,72,53,33,64,7,670
SSC50007,20,3,0,0,0,0,0,3,0,32
SSC50008,317,476,693,430,585,420,318,496,73,3819
SSC50009,0,0,0,0,5,0,0,0,0,4
SSC50010,199,384,126,121,187,111,28,58,20,1245
SSC50011,299,512,673,467,479,307,199,293,36,3263
SSC50012,5,0,0,0,0,0,3,0,0,15
SSC50013,19,29,73,23,30,13,50,37,3,274
SSC50014,23,8,3,6,4,0,3,12,0,62
SSC50015,0,0,0,0,0,0,0,0,0,6
SSC50016,40,20,49,21,21,27,25,32,3,235
SSC50017,35,3,0,0,0,0,0,3,0,45
SSC50018,4,0,0,0,0,0,0,3,0,9
SSC50019,23,11,28,7,18,3,14,16,3,122
SSC50020,8,6,4,3,3,0,0,0,0,33
SSC50021,0,0,0,0,0,0,0,0,0,0
SSC50022,646,1151,252,234,426,291,52,121,60,3231
SSC50023,15,3,0,4,0,0,0,6,0,30
SSC50024,315,690,170,188,290,195,52,108,27,2036
SSC50025,33,58,46,23,33,16,24,18,6,257
SSC50026,273,450,814,640,613,485,711,695,65,4750
SSC50027,17,3,0,0,0,0,4,5,0,27
SSC50028,4,3,0,0,0,0,0,0,0,9
SSC50029,21,3,0,0,0,0,0,3,0,30
SSC50030,23,5,4,0,3,0,0,4,7,47
SSC50031,224,290,207,122,221,115,76,97,24,1380
SSC50032,114,226,210,133,195,100,94,112,15,1193
SSC50033,0,0,0,0,0,0,0,3,0,3
SSC50034,56,138,97,59,81,39,42,61,6,569
SSC50035,585,896,267,266,439,284,61,152,55,3015
SSC50036,563,1036,730,487,744,454,283,363,72,4730
SSC50037,384,784,520,296,489,232,170,234,38,3139
SSC50038,68,46,85,67,52,62,25,84,6,498
SSC50039,533,864,1273,680,748,715,684,770,97,6369
SSC50040,576,747,865,690,861,521,477,419,78,5241
SSC50041,0,0,0,0,0,0,0,3,0,7
SSC50042,7,0,0,3,0,3,0,0,0,9
SSC50043,19,4,3,0,3,0,5,6,0,34
SSC50044,5,0,4,0,3,0,3,4,0,14
SSC50045,18,0,0,3,0,0,0,3,0,25
SSC50046,4,3,0,0,4,0,0,0,0,13
SSC50047,3,0,0,0,0,0,0,0,0,4
SSC50048,60,5,18,3,9,0,11,22,0,137
SSC50049,3,0,0,0,0,0,0,0,0,8
SSC50050,4,0,3,0,3,0,0,0,3,20
SSC50051,49,56,93,69,71,33,65,62,8,505
SSC50052,27,10,13,10,5,11,3,15,3,87
SSC50053,475,975,808,464,696,493,302,502,85,4791
SSC50054,1381,2142,2999,1841,2009,1363,1384,1341,233,14701
SSC50055,372,615,892,800,560,454,574,858,122,5254
SSC50056,52,33,33,23,20,16,20,38,0,232
SSC50057,0,0,0,0,0,0,0,5,0,6
SSC50058,0,0,0,0,0,0,0,0,0,0
SSC50059,8,5,6,3,5,5,0,7,0,33
SSC50060,0,0,0,0,0,0,0,0,0,0
SSC50061,827,1178,1614,1050,1361,1064,774,1058,156,9088
SSC50062,13,0,0,0,3,0,4,0,0,16
SSC50063,9,0,6,0,0,6,3,3,4,25
SSC50064,3,3,3,0,4,3,0,3,0,17
SSC50065,7,0,3,0,4,0,0,4,0,25
SSC50066,23,32,37,8,32,21,12,10,3,166
SSC50067,9,16,34,0,3,0,57,9,0,133
SSC50068,145,222,198,109,182,97,64,83,20,1121
SSC50069,336,626,949,589,677,421,353,527,77,4552
SSC50070,0,0,0,0,0,0,0,0,0,0
SSC50071,17,19,30,4,0,0,21,6,3,106
SSC50072,4,0,0,0,0,0,3,3,0,16
SSC50073,7,0,0,0,0,0,0,0,0,11
SSC50074,3,0,0,0,0,3,0,0,0,7
SSC50075,35,42,86,39,57,40,54,53,12,422
SSC50076,63,134,665,28,54,4,177,392,27,1547
SSC50077,35,30,11,15,27,13,9,10,3,148
SSC50078,576,1305,759,574,786,369,276,382,74,5095
SSC50079,236,627,194,162,232,157,64,111,13,1803
SSC50080,0,0,0,0,0,0,0,0,0,0
SSC50081,270,336,413,201,272,113,184,170,51,2014
SSC50082,119,187,197,184,177,145,110,149,28,1300
SSC50083,958,2114,1021,769,1016,562,334,516,129,7420
SSC50084,65,128,84,77,62,69,47,85,5,613
SSC50085,46,11,7,5,3,3,11,14,5,90
SSC50086,324,729,301,217,233,179,78,157,43,2267
SSC50087,0,0,0,0,0,0,0,0,0,0
SSC50088,15,6,0,0,0,0,0,4,0,35
SSC50089,18,0,0,0,0,0,0,0,0,24
SSC50090,227,532,639,399,458,305,369,451,60,3432
SSC50091,357,784,347,279,375,240,102,189,40,2708
SSC50092,179,221,316,118,223,122,90,89,26,1386
SSC50093,274,411,785,492,557,420,400,579,77,3994
SSC50094,6,11,22,0,7,5,11,8,0,73
SSC50095,6,0,3,0,0,3,0,8,0,20
SSC50096,3,3,3,0,3,0,0,0,6,16
SSC50097,22,10,3,5,9,3,7,9,0,59
SSC50098,418,728,701,386,607,358,275,325,70,3878
SSC50099,8,0,0,0,0,0,0,0,0,18
SSC50100,27,3,5,3,0,3,4,20,0,69
SSC50101,15,10,13,14,12,0,12,8,3,76
SSC50102,173,364,420,216,307,211,111,200,34,2032
SSC50103,24,24,17,11,16,6,9,8,0,113
SSC50104,48,81,147,82,96,71,90,87,10,710
SSC50105,291,582,608,357,408,286,310,363,47,3251
SSC50106,42,8,18,7,11,0,11,11,3,118
SSC50107,32,17,18,11,10,8,3,18,3,110
SSC50108,7,0,0,0,0,0,0,0,0,8
SSC50109,27,10,0,5,4,4,12,9,0,66
SSC50110,215,331,409,287,315,302,235,313,59,2469
SSC50111,194,602,419,435,312,336,231,534,51,3117
SSC50112,82,144,121,77,73,73,39,75,15,708
SSC50113,7,3,0,0,4,0,3,0,0,19
SSC50114,0,0,0,0,0,0,0,0,0,0
SSC50115,228,402,494,339,410,294,319,328,57,2869
SSC50116,73,35,65,42,42,28,57,42,0,390
SSC50117,325,676,489,290,457,252,162,258,44,2956
SSC50118,51,85,39,40,46,17,11,22,4,315
SSC50119,520,995,324,298,407,305,74,142,61,3133
SSC50120,0,0,0,0,0,0,0,0,0,3
SSC50121,8,18,10,11,6,5,5,15,6,81
SSC50122,11,0,0,0,0,0,0,3,0,12
SSC50123,69,147,135,122,123,43,28,61,5,735
SSC50124,0,0,0,0,0,0,0,0,0,0
SSC50125,19,0,3,0,3,0,0,3,0,34
SSC50126,80,40,80,43,44,38,66,72,17,474
SSC50127,0,0,0,0,0,0,0,0,0,0
SSC50128,0,0,0,0,0,0,0,0,0,4
SSC50129,55,68,130,36,74,47,57,80,10,556
SSC50130,30,0,0,3,0,0,0,3,0,45
SSC50131,0,0,8,3,4,3,6,6,0,33
SSC50132,67,129,74,69,68,47,20,38,14,532
SSC50133,11,0,3,0,3,0,3,4,0,35
SSC50134,7,9,3,0,4,0,0,5,0,23
SSC50135,6,5,0,0,0,0,0,3,0,14
SSC50136,17,0,4,0,0,0,3,3,0,32
SSC50137,51,64,100,41,53,21,138,49,13,523
SSC50138,7,0,0,0,0,0,0,3,0,9
SSC50139,16,0,3,3,0,0,3,0,0,25
SSC50140,29,3,6,0,4,8,12,14,0,77
SSC50141,6,0,0,0,0,0,3,0,0,15
SSC50142,14,7,25,4,16,10,14,9,0,94
SSC50143,5,4,22,10,13,7,7,6,0,78
SSC50144,0,0,0,0,0,0,0,0,0,0
SSC50145,8,10,3,6,4,3,3,5,0,51
SSC50146,5,0,8,0,0,0,0,5,0,25
SSC50147,0,0,0,0,0,0,0,0,0,0
SSC50148,373,784,274,235,354,219,77,143,27,2477
SSC50149,4,0,0,0,0,0,0,0,0,5
SSC50150,0,0,0,0,0,0,0,0,0,0
SSC50151,29,4,0,3,0,0,0,4,0,43
SSC50152,0,3,3,3,0,0,0,0,0,15
SSC50153,17,3,0,0,0,0,0,0,0,20
SSC50154,0,0,0,0,0,0,0,0,0,0
SSC50155,8,0,4,0,3,3,3,4,0,28
SSC50156,10,0,0,0,3,4,0,0,0,21
SSC50157,3,15,10,3,0,3,0,11,0,47
SSC50158,18,3,3,0,0,0,0,7,0,38
SSC50159,144,168,485,219,220,210,487,241,67,2238
SSC50160,15,0,0,3,0,4,0,0,0,29
SSC50161,34,43,66,22,43,28,25,35,4,302
SSC50162,42,44,41,13,27,24,16,18,0,222
SSC50163,18,6,4,3,0,0,0,3,0,32
SSC50164,22,3,0,0,3,3,3,8,0,38
SSC50165,22,6,9,3,5,3,3,3,0,53
SSC50166,12,0,0,3,0,0,0,0,0,24
SSC50167,25,0,3,0,3,0,6,8,0,41
SSC50168,37,102,51,30,50,28,12,29,7,355
SSC50169,69,77,124,54,80,43,65,80,9,613
SSC50170,5,0,0,0,0,0,0,0,0,12
SSC50171,6,4,0,0,0,0,0,0,0,16
SSC50172,78,28,41,28,34,26,37,56,6,340
SSC50173,169,307,328,253,278,164,212,163,21,1900
SSC50174,12,3,3,0,5,3,0,10,3,40
SSC50175,6,5,3,0,3,0,0,0,0,19
SSC50176,3,0,4,0,3,0,0,0,0,17
SSC50177,70,17,27,9,14,9,7,28,3,184
SSC50178,106,323,106,97,110,72,24,56,12,910
SSC50179,0,0,0,0,0,0,0,0,0,0
SSC50180,122,184,202,139,109,102,117,133,15,1118
SSC50181,69,80,73,44,66,40,21,29,8,424
SSC50182,5,3,0,0,3,3,3,0,0,15
SSC50183,192,236,295,188,191,165,121,216,31,1632
SSC50184,65,61,81,43,73,39,48,10,4,427
SSC50185,45,90,47,53,62,25,20,44,4,386
SSC50186,0,0,4,4,0,0,0,0,0,9
SSC50187,66,97,200,127,138,117,163,185,21,1115
SSC50188,25,20,18,16,10,12,9,17,3,125
SSC50189,80,23,21,31,19,17,25,45,15,271
SSC50190,204,316,260,223,201,121,94,195,42,1657
SSC50191,40,7,0,3,9,0,0,5,0,72
SSC50192,10,3,25,8,9,4,8,10,3,83
SSC50193,33,6,11,3,10,6,3,9,0,79
SSC50194,0,0,0,0,0,0,0,0,0,0
SSC50195,15,10,6,3,3,13,0,9,0,67
SSC50196,88,31,39,28,23,16,27,34,0,296
SSC50197,60,34,83,52,59,39,69,71,8,478
SSC50198,4,0,3,3,0,0,0,0,0,11
SSC50199,10,0,0,0,0,0,0,0,0,18
SSC50200,140,134,353,117,168,132,213,170,40,1459
SSC50201,437,1164,362,299,462,265,127,221,40,3368
SSC50202,0,0,3,0,0,0,0,0,0,7
SSC50203,33,3,7,0,3,0,0,0,0,51
SSC50204,5,4,14,3,6,4,6,4,0,52
SSC50205,7,0,0,0,0,0,0,0,0,13
SSC50206,3,0,0,0,0,0,0,0,0,3
SSC50207,248,322,503,222,363,197,269,297,50,2467
SSC50208,0,0,0,0,0,0,0,0,0,0
SSC50209,9,3,3,0,0,0,4,4,0,22
SSC50210,258,513,235,163,204,151,88,184,27,1809
SSC50211,5,0,0,0,0,0,0,0,0,9
SSC50212,11,0,0,0,0,0,0,3,0,20
SSC50213,20,3,3,0,3,0,0,3,0,30
SSC50214,9,0,0,0,0,0,0,6,0,23
SSC50215,9,0,0,0,0,0,0,0,0,11
SSC50216,0,0,0,0,0,0,0,0,0,0
SSC50217,56,51,74,25,46,20,38,37,3,359
SSC50218,0,3,0,0,0,0,0,0,0,3
SSC50219,3,0,0,0,3,3,3,0,0,19
SSC50220,3,0,0,0,0,0,0,0,0,3
SSC50221,306,445,331,180,283,173,46,107,29,1905
SSC50222,28,36,25,14,14,6,3,18,3,134
SSC50223,20,3,3,0,10,0,3,3,0,44
SSC50224,3,0,0,0,0,3,4,0,0,9
SSC50225,0,0,0,0,0,0,0,0,0,0
SSC50226,232,355,158,127,154,114,44,108,19,1314
SSC50227,72,106,119,85,57,85,50,120,8,703
SSC50228,497,819,1199,779,779,669,450,634,78,5899
SSC50229,590,845,1540,837,1040,706,924,677,114,7273
SSC50230,397,579,368,361,359,238,119,207,49,2683
SSC50231,21,4,0,0,0,3,4,6,0,38
SSC50232,0,0,0,0,0,3,0,0,0,6
SSC50233,24,4,16,9,13,3,13,13,0,91
SSC50234,36,62,112,64,75,67,91,79,11,607
SSC50235,0,0,0,4,0,3,4,0,0,18
SSC50236,4,0,0,0,0,0,0,3,0,11
SSC50237,13,20,15,18,9,8,7,38,9,138
SSC50238,5,3,0,0,0,0,0,3,0,17
SSC50239,103,140,321,241,254,175,281,279,28,1825
SSC50240,4,0,3,3,0,0,0,5,0,11
SSC50241,0,0,3,0,0,0,0,0,0,3
SSC50242,18,3,6,0,0,3,0,3,0,33
SSC50243,3,0,0,0,0,0,0,3,0,12
SSC50244,1874,3646,2327,1672,2399,1705,980,1377,244,16228
SSC50245,206,487,411,395,311,236,249,410,67,2774
SSC50246,0,0,0,0,0,0,0,0,0,0
SSC50247,24,35,34,25,34,13,33,19,5,222
SSC50248,0,3,0,0,0,0,0,0,0,3
SSC50249,0,0,0,0,0,0,0,0,0,3
SSC50250,87,136,218,105,92,85,123,170,19,1045
SSC50251,20,16,9,6,9,5,3,10,0,77
SSC50252,3,0,0,0,0,3,0,6,0,17
SSC50253,6,0,0,0,0,0,0,0,0,9
SSC50254,52,28,34,15,27,15,17,23,3,212
SSC50255,5,0,0,0,0,0,0,3,0,8
SSC50256,0,0,0,0,0,0,0,0,0,0
SSC50257,16,10,9,7,5,5,0,11,0,67
SSC50258,6,0,9,3,0,0,13,10,0,45
SSC50259,54,75,139,54,88,31,50,54,13,562
SSC50260,122,211,400,261,185,212,247,417,42,2086
SSC50261,496,1056,378,293,473,292,84,148,48,3261
SSC50262,298,853,495,359,430,237,173,281,51,3177
SSC50263,13,3,4,0,0,7,0,5,0,33
SSC50264,68,75,52,25,38,25,12,26,3,317
SSC50265,52,21,35,10,24,13,29,24,0,197
SSC50266,16,11,17,6,5,8,3,17,3,90
SSC50267,0,0,0,3,0,0,0,0,0,3
SSC50268,415,644,701,448,597,426,219,282,58,3796
SSC50269,16,3,0,0,4,3,0,4,0,30
SSC50270,23,0,0,0,0,0,0,4,0,34
SSC50271,37,8,4,0,3,0,5,9,0,69
SSC50272,201,242,312,173,263,177,220,245,26,1856
SSC50273,46,53,93,33,50,31,42,45,5,405
SSC50274,12,4,6,0,3,3,4,4,0,32
SSC50275,35,8,13,8,7,3,16,14,3,106
SSC50276,285,499,497,334,440,230,232,259,34,2808
SSC50277,23,38,48,31,21,23,15,40,6,243
SSC50278,29,22,21,19,34,7,16,61,10,213
SSC50279,6,6,11,4,10,12,10,18,3,82
SSC50280,69,100,102,52,91,45,45,41,13,549
SSC50281,4,0,0,0,0,0,0,0,0,10
SSC50282,15,0,0,0,0,0,0,3,0,21
SSC50283,40,7,0,5,9,7,4,10,0,82
SSC50284,20,9,3,4,3,0,6,3,3,49
SSC50285,6,3,8,3,3,0,0,5,3,33
SSC50286,23,5,0,0,0,0,0,3,0,34
SSC50287,3,0,0,0,0,0,0,0,0,10
SSC50288,3,0,0,0,0,0,0,4,0,6
SSC50289,89,146,175,116,97,80,90,87,20,890
SSC50290,71,54,90,27,64,33,44,55,6,445
SSC50291,13,0,0,0,0,0,0,4,0,19
SSC50292,304,650,101,150,199,144,36,67,18,1669
SSC50293,587,1191,162,228,335,250,32,90,60,2921
SSC50294,8,12,31,11,11,6,19,18,3,130
SSC50295,636,1517,214,305,358,301,52,118,56,3559
SSC50296,538,955,1255,814,844,709,466,720,118,6421
SSC50297,3,0,0,0,0,0,0,0,0,5
SSC50298,0,0,0,0,0,0,0,0,0,0
SSC50299,0,0,0,0,0,0,0,0,0,0
SSC50300,278,556,650,402,465,288,353,457,70,3514
SSC50301,16,0,0,4,0,3,0,0,0,27
SSC50302,0,0,0,0,0,0,0,0,0,0
SSC50303,80,166,136,59,120,85,49,66,7,758
SSC50304,3,0,0,0,0,0,0,0,0,6
SSC50305,18,0,0,0,0,0,0,5,0,28
SSC50306,13,8,8,3,9,3,3,0,0,41
SSC50307,8,0,0,0,0,0,0,0,0,13
SSC50308,56,109,104,58,67,53,63,83,4,601
SSC50309,178,224,626,291,268,231,465,410,54,2748
SSC50310,0,0,11,10,0,0,6,10,0,28
SSC50311,35,43,52,37,32,42,25,32,5,304
SSC50312,11,14,26,13,15,11,10,15,0,114
SSC50313,6,0,3,0,0,0,0,4,0,15
SSC50314,9,0,0,0,0,0,0,0,0,12
SSC50315,993,2591,788,731,994,577,228,366,100,7375
SSC50316,46,5,12,9,6,0,10,18,4,104
SSC50317,276,440,296,242,313,205,91,110,26,1999
SSC50318,3,0,3,0,0,0,0,0,0,11
SSC50319,80,103,224,151,118,116,150,164,31,1142
SSC50320,301,452,395,209,339,241,105,183,47,2265
SSC50321,39,17,39,25,13,14,30,30,0,205
SSC50322,5,0,0,0,0,0,0,0,0,6
SSC50323,168,513,419,287,275,174,193,272,28,2336
SSC50324,157,286,72,80,112,81,16,49,3,868
SSC50325,4,0,0,0,0,0,0,0,0,3
SSC50326,30,24,62,36,31,21,77,45,6,326
SSC50327,3,0,0,0,0,0,0,0,0,3
SSC50328,162,242,500,379,293,275,318,373,52,2600
SSC50329,32,8,44,13,13,15,32,29,4,194
SSC50330,42,8,0,0,3,0,5,13,0,73
SSC50331,21,4,0,3,4,0,0,3,0,42
SSC50332,10,0,10,0,5,5,12,5,0,57
SSC50333,27,39,42,20,30,29,36,30,3,256
SSC50334,27,10,10,3,6,5,19,8,3,93
SSC50335,0,0,0,0,0,0,0,0,0,3
SSC50336,12,5,3,3,0,5,3,3,0,31
SSC50337,25,19,18,30,20,6,4,31,0,151
SSC50338,0,0,0,0,0,0,0,0,0,0
SSC50339,74,43,47,21,41,26,36,49,7,348
SSC50340,0,3,0,3,3,0,0,0,0,13
SSC50341,0,0,0,0,0,0,0,0,0,0
SSC50342,758,1651,185,250,324,242,36,105,69,3617
SSC50343,7,3,6,0,3,0,0,6,0,23
SSC50344,10,0,0,0,0,0,0,3,0,12
SSC50345,6,0,5,0,0,3,3,3,0,24
SSC50346,170,139,169,67,94,80,47,119,11,900
SSC50347,6,0,0,0,0,0,0,0,0,13
SSC50348,15,3,4,0,0,3,0,0,0,24
SSC50349,229,566,655,336,394,242,195,289,52,2964
SSC50350,23,0,0,0,0,0,0,0,0,35
SSC50351,107,14,19,18,15,8,18,26,4,232
SSC50352,109,446,69,261,93,158,36,126,15,1315
SSC50353,27,23,16,11,13,10,3,7,0,104
SSC50354,8,11,18,10,10,4,18,5,3,90
SSC50355,17,8,5,3,3,3,0,9,0,58
SSC50356,49,25,37,13,23,16,24,17,4,204
SSC50357,11,0,0,0,0,0,0,0,0,14
SSC50358,14,10,6,4,5,3,6,6,0,66
SSC50359,4,0,0,3,0,0,0,0,3,13
SSC50360,0,0,0,0,0,0,0,0,0,0
SSC50361,0,0,0,0,0,0,0,3,0,14
SSC50362,5,10,12,0,0,0,34,3,0,66
SSC50363,82,45,67,35,39,29,31,48,3,380
SSC50364,17,0,6,0,0,0,3,3,0,27
SSC50365,9,0,3,0,0,0,0,0,0,17
SSC50366,429,794,630,425,574,399,155,274,61,3741
SSC50367,17,10,19,14,9,10,7,5,0,80
SSC50368,7,0,0,0,0,0,0,3,0,14
SSC50369,0,0,0,0,0,0,0,0,0,0
SSC50370,105,313,55,66,69,46,11,36,13,708
SSC50371,31,11,20,3,6,3,12,11,0,105
SSC50372,6,0,3,0,0,4,0,0,0,20
SSC50373,383,853,53,107,229,145,23,38,32,1860
SSC50374,106,32,71,28,54,35,30,57,0,419
SSC50375,380,813,743,497,483,434,369,444,64,4218
SSC50376,35,3,0,4,7,3,3,20,0,71
SSC50377,63,92,131,44,83,18,76,45,10,577
SSC50378,0,0,0,0,0,0,0,0,0,0
SSC50379,33,67,22,61,26,18,13,25,7,273
SSC50380,4,3,0,0,0,0,0,0,0,11
SSC50381,71,19,22,5,23,3,20,26,3,190
SSC50382,3,0,6,0,0,0,0,3,0,15
SSC50383,433,684,530,320,541,405,187,303,55,3458
SSC50384,3,0,0,0,0,0,0,3,0,8
SSC50385,34,37,42,24,29,15,34,24,4,237
SSC50386,51,57,61,40,42,37,43,21,0,357
SSC50387,79,15,26,11,15,10,14,20,6,195
SSC50388,64,80,127,57,99,61,52,41,7,590
SSC50389,281,606,197,160,194,136,51,80,26,1727
SSC50390,4,3,0,3,0,3,0,0,0,16
SSC50391,4,0,0,0,0,0,0,0,0,6
SSC50392,13,4,0,0,0,0,0,3,0,26
SSC50393,8,0,0,0,0,4,0,0,0,16
SSC50394,0,3,3,0,0,0,0,0,0,11
SSC50395,226,320,485,232,286,220,240,234,37,2278
SSC50396,151,221,271,188,221,148,181,138,29,1557
SSC50397,4,0,0,0,0,0,0,0,0,8
SSC50398,26,18,25,7,16,15,15,36,3,154
SSC50399,53,54,83,45,67,52,53,48,7,456
SSC50400,8,7,7,4,0,0,0,3,0,31
SSC50401,16,3,3,3,3,0,0,11,4,45
SSC50402,56,45,49,53,31,32,10,55,5,327
SSC50403,125,171,161,110,107,106,43,127,19,968
SSC50404,135,295,149,268,160,70,52,139,36,1310
SSC50405,7,0,0,0,0,0,0,0,0,15
SSC50406,3,0,0,5,0,0,0,3,0,13
SSC50407,12,3,0,0,3,0,0,0,0,16
SSC50408,1435,2631,1519,1125,1646,1177,547,908,174,11159
SSC50409,3,0,0,0,0,0,0,0,0,6
SSC50410,24,20,22,5,12,6,8,5,0,109
SSC50411,17,8,14,3,5,4,0,13,0,64
SSC50412,0,0,0,0,0,0,0,0,0,0
SSC50413,11,3,4,0,0,0,3,5,0,29
SSC50414,203,340,237,218,240,117,63,98,31,1548
SSC50415,50,60,106,61,55,39,46,88,11,510
SSC50416,12,0,0,0,0,0,0,0,0,18
SSC50417,3,0,0,0,0,0,0,0,0,0
SSC50418,111,128,196,111,123,86,147,171,21,1092
SSC50419,11,0,0,0,0,0,0,3,0,17
SSC50420,22,9,9,0,3,0,0,3,0,42
SSC50421,0,0,0,0,0,0,0,0,0,0
SSC50422,595,1444,564,438,554,357,116,240,63,4359
SSC50423,54,23,24,17,19,6,22,22,4,187
SSC50424,7,6,7,0,0,0,3,0,0,28
SSC50425,76,125,124,85,89,63,73,67,8,707
SSC50426,0,0,0,0,0,0,0,0,0,0
SSC50427,5,0,6,0,0,0,0,3,0,12
SSC50428,7,0,0,0,0,0,0,0,0,9
SSC50429,28,3,0,0,3,0,0,3,0,39
SSC50430,213,263,382,281,283,289,259,281,39,2301
SSC50431,9,0,0,0,0,0,0,3,0,12
SSC50432,11,3,3,3,3,3,0,0,0,21
SSC50433,5,3,0,0,0,0,0,0,0,15
SSC50434,22,14,21,12,10,3,13,7,0,105
SSC50435,19,11,9,5,10,4,5,8,0,74
SSC50436,30,7,16,14,17,3,8,13,3,117
SSC50437,1098,2214,977,726,1066,650,200,392,109,7427
SSC50438,0,0,0,0,0,0,0,0,0,0
SSC50439,8,0,0,0,0,0,0,0,0,6
SSC50440,327,463,504,284,259,256,133,264,33,2523
SSC50441,15,6,10,8,3,0,0,9,11,75
SSC50442,23,0,0,0,3,0,0,4,3,34
SSC50443,3,0,0,0,3,0,0,3,0,7
SSC50444,8,0,0,0,3,0,0,0,0,7
SSC50445,34,35,26,21,13,14,41,38,3,231
SSC50446,9,9,3,0,0,0,0,3,0,25
SSC50447,0,0,0,3,0,0,0,0,0,9
SSC50448,17,4,4,0,0,0,3,3,0,32
SSC50449,32,4,3,4,6,0,0,8,0,57
SSC50450,11,0,0,3,6,3,4,0,0,29
SSC50451,122,236,341,177,223,182,140,227,21,1657
SSC50452,187,413,446,298,354,241,233,360,52,2572
SSC50453,50,37,71,37,78,26,33,48,11,388
SSC50454,11,0,3,3,0,3,0,3,0,19
SSC50455,6,0,0,0,0,0,0,0,0,3
SSC50456,663,1343,352,343,425,276,87,160,53,3720
SSC50457,0,0,0,0,0,0,0,0,0,3
SSC50458,14,0,0,3,0,0,0,3,0,29
SSC50459,0,0,0,3,0,0,0,0,0,8
SSC50460,3,0,0,0,0,0,0,0,0,4
SSC50461,4,0,0,3,3,0,0,0,0,12
SSC50462,8,0,0,0,0,0,0,0,0,7
SSC50463,959,2001,623,578,665,370,138,435,112,5888
SSC50464,83,7,9,13,7,4,5,6,0,135
SSC50465,8,0,0,3,0,0,0,0,0,9
SSC50466,5,0,4,12,0,3,12,12,0,52
SSC50467,675,1613,701,519,656,396,216,413,65,5263
SSC50468,20,3,0,0,0,0,0,0,0,23
SSC50469,9,3,0,0,0,0,0,4,0,19
SSC50470,39,11,5,3,7,3,0,3,3,79
SSC50471,252,381,776,420,400,415,456,516,63,3686
SSC50472,159,262,263,207,255,124,121,155,32,1574
SSC50473,267,564,376,265,376,210,99,156,26,2353
SSC50474,15,4,3,0,0,0,0,3,0,28
SSC50475,83,120,205,124,146,91,60,74,15,916
SSC50476,16,4,6,0,4,0,3,16,0,48
SSC50477,4,4,4,3,0,0,0,0,0,14
SSC50478,6,0,0,0,0,0,0,0,0,6
SSC50479,27,0,12,6,4,3,5,7,0,67
SSC50480,23,36,33,24,22,20,15,24,3,189
SSC50481,935,1332,1826,1312,1560,1100,1099,1023,171,10357
SSC50482,5,0,0,0,0,0,0,0,0,11
SSC50483,152,301,266,157,194,143,86,159,31,1487
SSC50484,0,3,3,0,0,0,5,0,0,14
SSC50485,24,17,12,10,5,6,6,6,0,86
SSC50486,20,10,8,3,0,0,0,14,3,56
SSC50487,0,0,0,0,0,0,0,0,0,0
SSC50488,3,0,0,0,3,0,0,3,0,12
SSC50489,9,0,0,0,0,0,0,0,0,7
SSC50490,111,188,292,182,154,155,140,150,34,1406
SSC50491,109,129,133,88,91,73,77,125,13,831
SSC50492,0,0,0,0,0,0,0,0,0,0
SSC50493,3,0,14,4,0,0,0,3,0,31
SSC50494,0,3,0,0,0,0,0,0,0,3
SSC50495,10,0,5,0,3,0,0,0,0,18
SSC50496,180,184,269,157,152,124,68,163,29,1327
SSC50497,5,4,0,0,0,0,0,9,0,16
SSC50498,5,0,9,0,0,0,0,3,0,16
SSC50499,181,319,401,230,240,188,205,231,28,2017
SSC50500,34,16,17,5,20,10,8,14,0,116
SSC50501,160,435,336,233,277,194,134,184,38,1985
SSC50502,0,0,0,0,0,0,0,0,0,0
SSC50503,0,0,0,0,0,0,0,0,0,0
SSC50504,0,0,0,0,0,0,0,0,0,0
SSC50505,0,0,0,0,0,0,0,0,0,0
SSC50506,51,106,40,98,34,18,7,35,17,399
SSC50507,0,0,0,0,0,0,0,0,0,0
SSC50508,740,1686,214,299,454,244,44,117,48,3846
SSC50509,0,0,0,0,0,0,0,0,0,0
SSC50510,44,25,18,14,7,5,0,23,0,150
SSC50511,10,4,0,0,3,0,0,10,0,27
SSC50512,0,0,0,0,0,0,0,0,0,0
SSC50513,6,0,5,3,0,0,3,0,0,18
SSC50514,3,3,13,0,0,0,17,3,0,34
SSC50515,66,55,97,38,73,49,64,58,5,509
SSC50516,493,667,1204,645,968,575,750,669,126,6098
SSC50517,0,7,3,0,0,0,3,4,0,11
SSC50518,74,6,15,5,10,5,20,49,4,190
SSC50519,0,0,9,0,0,0,3,5,0,19
SSC50520,558,1565,410,431,396,270,142,235,59,4060
SSC50521,27,28,69,24,31,37,50,46,3,317
SSC50522,4,3,0,0,0,0,0,0,0,8
SSC50523,26,18,47,18,27,16,35,44,5,242
SSC50524,20,0,0,0,0,0,7,4,0,25
SSC50525,45,3,0,3,3,0,0,5,3,67
SSC50526,0,0,12,0,3,0,6,12,0,40
SSC50527,32,34,165,126,9,0,7,11,3,381
SSC50528,5,0,3,0,5,0,6,4,0,29
SSC50529,9,3,5,10,0,0,0,6,0,29
SSC50530,3,0,0,0,0,0,0,3,0,12
SSC50531,111,231,229,93,155,88,62,105,24,1104
SSC50532,193,201,232,159,172,155,88,180,17,1393
SSC50533,9,4,10,4,5,3,4,3,0,43
SSC50534,122,263,174,138,120,129,74,158,15,1197
SSC50535,3,0,0,0,0,0,0,0,0,4
SSC50536,0,9,3,0,0,0,0,4,3,23
SSC50537,42,16,28,15,26,8,15,23,3,175
SSC50538,11,21,4,5,0,0,0,0,0,36
SSC50539,0,0,0,0,0,0,0,0,0,0
SSC50540,220,230,258,137,198,103,97,120,37,1403
SSC50541,17,3,3,3,4,0,6,0,0,35
SSC50542,9,0,0,0,0,0,0,0,0,12
SSC50543,17,0,0,0,0,0,3,0,0,32
SSC50544,0,0,0,0,0,0,0,0,0,0
SSC50545,0,0,0,0,0,0,0,0,0,0
SSC50546,58,31,57,25,38,24,49,73,4,362
SSC50547,9,0,0,0,0,0,0,3,0,19
SSC50548,194,301,640,481,386,325,335,632,81,3381
SSC50549,49,53,83,68,35,39,41,58,5,429
SSC50550,180,332,194,167,170,120,58,86,17,1332
SSC50551,122,138,267,144,177,142,148,220,23,1385
SSC50552,13,3,3,0,3,0,6,4,0,30
SSC50553,13,0,0,0,0,0,0,3,0,21
SSC50554,96,263,145,160,148,116,82,276,14,1304
SSC50555,56,76,94,63,54,45,44,39,5,462
SSC50556,9,12,12,11,6,8,7,13,3,69
SSC50557,11,11,3,0,3,5,0,7,0,41
SSC50558,9,0,4,0,3,0,5,5,0,28
SSC50559,87,81,93,45,97,53,39,42,13,545
SSC50560,53,52,34,31,27,32,4,20,4,257
SSC50561,0,0,0,0,0,0,0,0,0,0
SSC50562,38,23,52,14,30,14,20,38,3,242
SSC50563,14,0,0,0,0,0,0,3,0,18
SSC50564,155,263,388,229,218,157,154,170,43,1776
SSC50565,10,40,10,11,9,4,0,8,0,96
SSC50566,15,3,0,0,0,0,3,0,0,26
SSC50567,36,25,26,14,36,11,28,21,3,197
SSC50568,5,0,0,0,0,0,0,0,0,7
SSC50569,265,397,185,138,220,118,67,84,20,1502
SSC50570,13,0,0,0,3,0,3,3,0,22
SSC50571,0,0,0,0,0,0,0,0,0,0
SSC50572,521,794,1463,954,1089,769,1048,1117,156,7902
SSC50573,20,32,17,15,3,4,3,24,3,114
SSC50574,3,0,0,0,0,0,0,0,0,12
SSC50575,42,0,3,6,3,0,3,12,0,68
SSC50576,12,11,6,4,15,6,6,12,0,80
SSC50577,4,6,9,3,14,9,8,16,0,71
SSC50578,14,0,4,3,3,0,0,12,3,35
SSC50579,12,0,5,3,3,0,0,4,0,31
SSC50580,13,14,20,11,6,3,23,22,4,124
SSC50581,222,369,699,418,339,356,418,464,59,3347
SSC50582,10,0,3,4,3,0,0,0,0,22
SSC50583,133,207,213,126,214,115,84,105,31,1240
SSC50584,24,23,14,8,13,12,15,19,4,124
SSC50585,523,1119,798,464,747,405,236,353,82,4729
SSC50586,0,0,0,0,0,3,0,0,0,10
SSC50587,9,0,0,0,0,0,3,3,0,24
SSC50588,0,0,0,0,0,0,0,0,0,0
SSC50589,0,0,0,0,0,3,0,4,0,7
SSC50590,0,0,0,0,0,0,0,0,0,0
SSC50591,11,3,7,6,9,3,4,14,0,61
SSC50592,103,283,94,91,119,53,32,49,12,835
SSC50593,0,0,0,0,0,0,0,0,0,4
SSC50594,24,0,0,0,0,0,0,3,0,26
SSC50595,14,3,0,0,0,0,0,0,0,20
SSC50596,6,5,3,5,3,0,4,3,0,31
SSC50597,362,668,235,164,357,199,40,85,25,2139
SSC50598,4,4,3,3,0,0,3,3,0,23
SSC50599,3,3,6,0,4,0,3,3,0,29
SSC50600,39,100,39,83,35,9,11,38,16,363
SSC50601,621,949,1150,669,689,647,544,583,83,5942
SSC50602,9,10,27,14,17,11,18,22,3,125
SSC50603,3,4,8,3,3,0,4,0,0,21
SSC50604,7,0,3,0,0,0,0,3,0,10
SSC50605,243,610,417,249,359,201,114,176,44,2413
SSC50606,0,0,0,0,0,0,0,0,0,0
SSC50607,436,999,807,600,452,384,276,504,80,4535
SSC50608,309,640,458,245,384,202,170,162,35,2608
SSC50609,152,277,274,119,138,96,167,71,19,1308
SSC50610,4,3,14,7,4,0,7,3,0,43
SSC50611,549,1060,823,480,733,496,378,345,74,4934
SSC50612,19,3,0,0,6,0,3,3,0,36
SSC50613,136,105,232,115,130,97,151,378,20,1359
SSC50614,14,0,0,0,0,0,0,3,0,19
SSC50615,0,0,0,0,0,0,0,0,0,0
SSC50616,30,36,24,26,13,8,7,13,0,162
SSC50617,35,62,60,53,60,30,48,36,0,385
SSC50618,39,33,66,41,45,28,47,44,12,355
SSC50619,18,7,0,0,0,0,3,8,0,34
SSC50620,260,591,761,411,469,337,197,385,65,3473
SSC50621,264,350,313,194,299,198,148,124,20,1908
SSC50622,0,0,0,0,0,0,0,3,0,7
SSC50623,186,173,233,133,181,85,106,98,25,1217
SSC50624,11,19,8,4,3,10,8,5,0,76
SSC50625,0,0,0,0,0,0,0,0,0,0
SSC50626,113,93,148,66,111,49,74,75,10,738
SSC50627,25,21,43,16,17,12,21,24,0,176
SSC50628,3,0,6,0,3,3,6,8,0,35
SSC50629,16,9,10,0,3,3,5,10,3,51
SSC50630,0,4,23,0,3,0,26,0,0,54
SSC50631,509,696,1115,609,999,532,815,588,86,5961
SSC50632,29,22,15,5,18,5,18,16,0,123
SSC50633,206,475,135,126,155,102,36,87,24,1339
SSC50634,76,98,154,98,137,56,88,89,16,807
SSC50635,30,3,5,6,3,0,9,14,0,67
SSC50636,957,1399,691,539,857,556,151,299,74,5527
SSC50637,47,61,170,87,79,57,98,95,14,705
SSC50638,7,9,4,5,0,0,0,3,0,33
SSC50639,178,563,277,190,188,130,83,150,37,1795
SSC50640,9,0,0,3,0,0,0,3,0,15
SSC50641,10,8,0,3,0,0,0,3,0,27
SSC50642,12,3,4,6,4,7,3,0,0,36
SSC50643,347,538,562,366,493,307,187,277,39,3124
SSC50644,8,11,5,4,16,0,7,4,0,57
SSC50645,3,0,0,0,0,0,3,0,0,12
SSC50646,0,0,0,0,0,0,0,0,0,0
SSC50647,8,0,0,0,0,0,0,0,0,16
SSC50648,16,0,0,0,0,0,3,3,0,23
SSC50649,4,0,0,0,0,0,6,0,0,9
SSC50650,3,3,11,0,3,0,3,0,0,30
SSC50651,38,14,36,12,22,6,16,22,3,163
SSC50652,39,28,78,26,24,25,43,37,6,311
SSC50653,16,12,3,6,7,9,4,10,0,63
SSC50654,0,0,0,0,0,0,0,0,0,0
SSC50655,52,99,44,41,56,24,21,22,3,352
SSC50656,12,5,15,3,5,0,8,6,0,64
SSC50657,10,0,0,0,3,0,4,4,0,23
SSC50658,6,3,0,0,5,4,0,3,0,23
SSC50659,314,497,753,483,654,430,479,449,76,4140
SSC50660,79,12,26,18,22,11,16,32,8,214
SSC50661,5,0,0,0,3,0,3,0,0,17
SSC50662,501,700,361,285,442,351,69,153,37,2902
SSC50663,0,0,0,0,0,0,13,0,0,18
SSC50664,4,0,0,0,0,0,0,0,0,6
SSC50665,0,0,3,3,3,0,0,4,0,17
SSC50666,459,997,328,259,416,279,79,160,39,3019
SSC50667,3,0,0,0,0,0,0,0,0,12
SSC50668,515,1381,669,450,612,345,173,281,63,4482
SSC50669,4,0,3,0,0,0,0,3,0,9
SSC50670,7,4,3,3,4,3,3,3,0,33
SSC50671,8,3,6,3,4,0,6,3,3,44
SSC50672,0,0,0,0,0,0,0,0,0,0
SSC50673,4,3,3,3,0,4,8,3,3,27
SSC50674,23,3,3,0,6,0,0,0,0,39
SSC50675,20,0,0,0,0,0,0,3,0,30
SSC50676,9,9,12,3,3,4,0,0,0,34
SSC50677,10,0,0,0,4,0,0,0,0,14
SSC50678,42,11,27,5,34,15,17,13,0,154
SSC50679,218,286,177,133,224,136,58,79,28,1345
SSC50680,222,282,316,193,318,212,161,159,39,1903
SSC50681,25,6,10,7,9,13,5,17,0,97
SSC50682,66,99,107,62,66,29,49,69,7,544
SSC50683,0,0,0,0,0,0,0,3,0,3
SSC50684,38,10,6,6,7,0,3,8,0,84
SSC50685,15,0,3,4,3,0,0,4,0,26
SSC50686,24,0,0,0,3,3,0,3,0,36
SSC50687,27,6,22,3,3,0,27,10,0,96
SSC50688,40,13,36,12,13,14,23,25,0,179
SSC50689,12,0,0,0,4,0,0,5,0,23
SSC50690,18,0,0,0,3,0,0,4,0,25
SSC50691,176,254,273,178,169,146,66,99,29,1379
SSC50692,15,0,11,3,0,4,4,6,0,36
SSC50693,37,9,8,0,0,0,0,5,3,64
SSC50694,20,0,0,3,3,0,0,5,0,31
SSC50695,76,208,40,58,58,51,16,40,8,560
SSC50696,469,981,746,595,643,515,221,422,76,4675
SSC50697,320,818,358,259,354,193,108,191,34,2643
SSC50698,14,18,34,14,14,12,17,18,3,141
SSC50699,3,29,51,3,0,3,78,14,6,186
SSC50700,99,68,137,64,84,55,58,111,7,675
SSC50701,17,0,0,0,3,0,0,0,0,18
SSC50702,430,748,475,311,434,262,166,207,36,3083
SSC50703,39,3,13,3,4,3,7,13,0,87
SSC50704,99,73,85,81,63,64,41,155,18,671
SSC50705,0,0,0,0,0,0,0,0,0,0
SSC50706,59,74,35,41,30,26,13,31,8,323
SSC50707,178,342,426,175,189,157,321,194,42,2016
SSC50708,12,3,4,3,3,5,3,6,0,39
SSC50709,391,621,360,240,358,240,87,158,42,2498
SSC50710,14,4,4,0,4,0,3,7,0,47
SSC50711,10,23,7,11,9,0,0,4,3,69
SSC50712,12,18,80,25,28,16,94,43,3,314
SSC50713,27,73,174,56,62,53,219,64,14,749
SSC50714,21,28,23,14,30,14,22,19,4,173
SSC50715,3,0,0,0,0,0,0,0,0,6
SSC50716,17,12,20,7,6,6,0,17,0,90
SSC50717,3,3,3,11,0,0,0,6,0,27
SSC50718,73,193,73,122,86,83,34,72,13,754
SSC50719,521,1156,602,422,675,467,212,366,55,4474
SSC50720,3,7,3,0,0,0,3,0,0,19
SSC50721,35,0,3,0,4,0,6,7,0,59
SSC50722,14,23,15,9,5,8,11,3,0,87
SSC50723,16,0,0,0,0,0,0,3,0,16
SSC50724,6,18,27,21,14,12,21,34,4,146
SSC50725,63,81,154,91,92,64,59,74,12,693
SSC50726,44,32,43,14,29,17,14,20,4,203
SSC50727,0,0,0,3,0,0,0,0,0,4
SSC50728,19,10,17,3,9,12,6,8,0,80
SSC50729,0,0,0,0,0,0,0,0,0,0
SSC50730,20,0,4,0,5,0,4,5,0,40
SSC50731,5,6,15,3,8,3,3,4,0,53
SSC50732,13,3,40,4,12,9,25,19,3,136
SSC50733,42,17,14,9,6,8,10,30,0,135
SSC50734,685,1387,553,386,581,368,114,203,66,4334
SSC50735,0,0,0,0,0,0,0,0,0,0
SSC50736,162,188,223,131,141,133,93,413,32,1519
SSC50737,7,3,3,3,3,0,0,0,0,20
SSC50738,6,3,9,0,3,0,3,4,0,35
SSC50739,34,13,46,24,26,27,23,21,0,206
SSC50740,9,0,0,3,0,0,0,0,0,19
SSC50741,58,22,60,54,27,13,35,58,5,342
SSC50742,377,634,759,551,616,461,502,520,66,4481
SSC50743,91,37,38,51,46,23,28,60,0,377
SSC50744,8,4,0,0,0,0,0,3,0,18
SSC50745,0,0,0,0,0,0,0,0,0,0
SSC50746,357,832,201,195,268,155,50,97,38,2186
SSC50747,15,8,4,5,7,0,0,9,0,48
SSC50748,192,295,485,293,316,240,294,391,66,2571
SSC50749,0,0,0,0,0,0,0,0,0,0
SSC50750,282,535,545,327,489,294,267,324,43,3097
SSC50751,33,16,26,10,11,5,12,18,0,128
SSC50752,72,124,163,107,146,111,70,105,14,916
SSC50753,0,0,0,0,0,0,0,0,0,6
SSC50754,18,18,7,10,12,4,7,19,3,92
SSC50755,23,15,30,16,11,17,12,19,0,145
SSC50756,3,0,0,0,3,0,0,0,0,7
SSC50757,38,10,23,21,13,8,16,18,4,146
SSC50758,763,1528,992,640,1112,627,267,416,63,6394
SSC50759,0,0,0,0,0,0,0,0,0,4
SSC50760,366,656,652,437,535,401,196,339,57,3635
SSC50761,10,0,0,0,0,0,0,0,0,6
SSC50762,21,0,15,11,5,11,5,13,0,79
SSC50763,12,0,0,0,0,0,0,3,0,20
SSC50764,5,3,0,0,0,0,0,3,0,16
SSC50765,158,64,73,45,60,31,57,89,12,594
SSC50766,12,5,4,4,5,0,5,0,0,34
SSC50767,80,10,26,15,12,8,13,12,0,171
SSC50768,14,3,4,0,3,3,0,0,0,26
SSC50769,23,7,0,7,3,0,6,3,0,49
SSC50770,14,3,7,0,4,0,0,3,0,34
SSC50771,8,0,0,0,0,0,0,3,0,12
SSC50772,9,0,0,0,0,0,0,3,0,10
SSC50773,0,3,19,0,0,0,29,4,3,59
SSC50774,28,0,0,0,0,0,3,10,0,36
SSC50775,75,98,247,188,131,127,158,277,37,1327
SSC50776,36,48,75,46,51,43,62,50,3,403
SSC50777,23,6,14,13,14,4,11,21,0,107
SSC50778,11,6,0,0,3,0,3,0,0,23
SSC50779,24,4,4,8,9,6,4,6,0,63
SSC50780,6,3,0,0,4,0,0,6,3,25
SSC50781,19,33,13,13,13,3,3,12,0,111
SSC50782,15,3,5,6,3,3,0,11,5,44
SSC50783,18,0,0,0,3,0,0,0,0,27
SSC50784,3,6,3,0,3,0,0,4,0,24
SSC50785,30,3,6,0,3,3,3,8,0,56
SSC50786,42,19,22,9,11,10,24,13,6,161
SSC50787,25,9,5,4,7,0,3,3,0,52
SSC50788,3,0,0,0,0,0,0,0,0,10
SSC50789,7,10,8,0,0,0,10,4,0,41
SSC50790,17,3,0,0,0,0,0,0,0,27
SSC50791,0,3,3,0,0,0,4,8,0,16
SSC50792,375,525,406,332,363,174,195,260,49,2682
SSC50793,3,0,0,0,0,0,0,0,0,4
SSC50794,10,4,0,0,0,0,0,0,0,16
SSC50795,3,0,0,0,0,0,0,0,0,4
SSC50796,4,0,0,0,0,0,3,0,0,5
SSC50797,0,3,0,0,0,0,0,0,0,5
SSC50798,5,3,21,13,14,10,17,20,3,100
SSC50799,4,0,0,0,0,3,0,4,0,8
SSC50800,15,35,4,24,12,0,0,11,3,97
SSC50801,12,7,15,3,8,0,14,30,4,93
SSC50802,0,0,0,0,0,0,0,0,0,0
SSC50803,22,0,0,0,3,0,0,0,0,24
SSC50804,3,0,0,0,0,0,0,0,0,10
SSC50805,16,0,0,0,0,3,4,0,0,19
SSC50806,0,0,0,0,0,0,0,6,0,7
SSC50807,20,31,70,29,22,23,34,38,14,272
SSC50808,0,5,6,0,3,0,0,0,0,14
SSC50809,3,5,12,0,3,0,15,3,0,45
SSC50810,55,31,68,16,32,19,23,30,5,283
SSC50811,17,0,0,0,0,0,0,0,0,18
SSC50812,5,0,0,0,0,0,0,0,0,5
SSC50813,27,7,3,4,3,0,3,12,0,59
SSC50814,9,0,0,3,0,0,0,4,0,18
SSC50815,7,3,0,0,0,0,0,0,0,10
SSC50816,5,0,0,0,0,0,0,0,0,14
SSC50817,25,6,3,4,3,0,0,3,0,43
SSC50818,4,0,0,0,0,0,0,0,0,4
SSC50819,174,267,423,273,255,192,210,240,36,2072
SSC50820,117,230,245,80,138,88,136,75,19,1110
SSC50821,51,28,38,23,27,16,26,91,3,304
SSC50822,756,1185,1098,654,1010,710,395,551,106,6464
SSC50823,8,13,13,8,14,5,9,17,3,97
SSC50824,141,317,422,267,264,226,300,352,47,2341
SSC50825,17,0,0,0,3,0,4,3,0,27
SSC50826,246,478,228,190,226,136,69,147,26,1757
SSC50827,30,44,116,43,27,8,136,41,4,450
SSC50828,0,0,0,0,0,0,0,0,0,3
SSC50829,78,161,239,136,143,171,174,198,22,1324
SSC50830,20,5,14,0,10,5,10,19,3,77
SSC50831,258,817,193,176,206,107,36,81,20,1891
SSC50832,17,7,17,9,12,0,18,26,0,110
SSC50833,770,1628,655,527,904,526,215,402,70,5687
SSC50834,0,0,0,0,0,0,0,0,0,0
SSC50835,18,23,62,15,19,3,92,33,0,271
SSC50836,23,5,14,3,13,6,11,15,0,83
SSC50837,45,51,72,34,27,15,94,36,10,382
SSC50838,138,258,295,137,195,120,122,139,26,1426
SSC50839,0,0,0,0,0,0,0,0,0,0
SSC50840,468,882,625,404,563,318,207,264,45,3783
SSC50841,3,0,0,0,3,0,0,0,0,7
SSC50842,3,3,0,0,0,0,0,0,0,4
SSC50843,3,7,5,4,0,0,0,5,0,29
SSC50844,78,136,130,86,85,69,38,74,10,717
SSC50845,5,3,0,0,0,0,0,3,0,16
SSC50846,0,0,0,0,0,0,0,0,0,0
SSC50847,5,0,0,0,0,0,0,0,0,7
SSC50848,68,161,221,196,143,136,155,225,24,1324
SSC50849,28,34,77,72,37,64,30,124,5,464
SSC50850,3,0,0,0,0,0,0,4,0,9
SSC50851,0,0,0,0,0,0,0,0,0,0
SSC50852,13,0,0,0,0,0,3,0,0,21
SSC50853,18,10,18,3,11,4,0,7,0,69
SSC50854,133,120,210,100,151,77,98,115,17,1010
SSC50855,0,0,3,0,3,0,3,0,0,8
SSC50856,91,178,124,103,103,72,61,78,10,822
SSC50857,16,21,10,5,3,4,0,16,0,70
SSC50858,11,5,13,5,3,3,0,9,0,43
SSC50859,22,0,0,0,4,3,0,5,0,43
SSC50860,0,0,3,0,0,0,4,0,0,10
SSC50861,3,3,12,0,0,0,4,3,0,30
SSC50862,110,286,241,174,193,139,148,199,36,1522
SSC50863,3,0,0,0,0,0,0,3,0,11
SSC50864,276,443,913,519,532,394,625,730,90,4515
SSC50865,380,601,429,304,518,311,154,213,53,2966
SSC50866,154,251,277,155,168,124,84,101,18,1337
SSC50867,0,0,0,0,0,0,0,0,0,3
SSC50868,0,0,0,0,0,0,0,0,0,5
SSC50869,16,0,0,0,0,0,0,0,0,18
SSC50870,44,83,83,46,45,36,19,30,10,397
SSC50871,34,67,62,51,39,37,27,57,3,384
SSC50872,261,347,409,217,390,230,200,162,36,2261
SSC50873,0,0,0,0,0,0,0,0,0,7
SSC50874,11,3,0,0,3,0,0,0,0,25
SSC50875,0,0,3,0,0,0,0,0,0,3
SSC50876,8,3,0,0,0,0,0,0,0,16
SSC50877,15,0,0,0,0,0,0,0,0,14
SSC50878,0,0,0,0,0,0,0,0,0,0
SSC50879,4,0,0,0,0,0,4,0,0,11
SSC50880,3,0,0,0,4,0,0,9,3,23
SSC50881,217,322,503,364,263,285,284,389,47,2670
SSC50882,213,212,300,187,252,186,202,327,24,1898
SSC50883,14,0,0,0,0,0,0,0,3,14
SSC50884,304,638,216,153,267,136,65,101,22,1900
SSC50885,30,4,5,5,3,0,9,5,0,76
SSC50886,395,605,841,568,610,519,430,699,103,4767
SSC50887,4,0,7,0,3,0,0,3,0,25
SSC50888,30,20,31,27,18,15,14,21,3,178
SSC50889,26,27,51,31,12,0,47,52,11,257
SSC50890,20,0,0,3,3,0,0,4,0,30
SSC50891,51,37,41,15,27,16,32,40,7,261
SSC50892,39,94,257,9,39,4,141,84,0,676
SSC50893,492,609,725,445,345,367,218,546,50,3802
SSC50894,76,55,92,35,66,37,27,37,7,426
SSC50895,194,342,131,89,173,91,38,50,20,1129
SSC50896,4,0,0,3,0,0,0,0,0,9
SSC50897,0,0,0,0,3,0,0,0,0,7
SSC50898,14,4,6,0,0,0,0,0,0,24
SSC50899,0,0,0,0,0,0,0,0,0,0
SSC50900,0,0,0,0,0,0,0,0,0,0
SSC50901,98,102,142,72,101,72,55,83,4,728
SSC50902,9,3,11,0,3,0,12,10,0,43
SSC50903,22,4,3,11,11,9,6,13,0,71
SSC50904,0,0,0,0,0,0,0,0,0,0
SSC50905,13,0,0,0,0,0,0,0,0,13
SSC50906,56,11,11,5,6,3,4,6,0,107
SSC50907,864,2096,870,803,896,514,392,556,78,7064
SSC50908,11,3,3,0,0,0,4,3,0,26
SSC50909,0,0,3,3,3,0,0,7,0,19
SSC50910,137,168,309,262,197,224,134,222,29,1672
SSC50911,0,0,0,0,0,0,0,0,0,3
SSC50912,254,498,652,449,397,345,350,347,58,3360
SSC50913,25,9,11,13,7,8,17,15,3,104
SSC50914,4,0,0,0,3,0,0,5,0,16
SSC50915,53,85,161,111,100,70,105,145,23,851
SSC50916,45,52,43,31,24,11,42,31,14,296
SSC50917,3,0,0,0,0,0,0,0,0,8
SSC50918,32,15,14,10,3,4,5,14,0,96
SSC50919,9,0,0,0,0,0,3,3,0,17
SSC50920,27,3,3,5,6,3,3,7,0,60
SSC50921,0,0,0,0,0,0,0,0,0,0
SSC50922,444,817,345,279,428,227,86,147,28,2796
SSC50923,160,344,63,85,127,95,20,50,16,955
SSC50924,3,7,3,0,5,0,7,6,0,34
SSC50925,7,3,0,0,0,0,0,4,0,16
SSC50926,18,5,3,0,3,0,0,3,0,34
SSC50927,15,0,0,0,0,0,0,6,0,29
SSC50928,150,156,221,120,144,122,173,134,22,1241
SSC50929,126,175,383,228,249,203,178,291,47,1878
SSC50930,0,3,3,0,3,0,3,4,0,15
SSC50931,30,8,19,7,6,9,9,20,7,112
SSC50932,8,0,0,0,0,0,0,3,0,17
SSC50933,7,0,0,0,0,0,0,0,0,9
SSC50934,94,124,233,133,173,95,143,158,23,1178
SSC50935,41,14,12,11,12,9,16,15,0,133
SSC50936,59,87,34,26,33,31,15,28,0,312
SSC50937,180,300,400,345,280,246,290,318,39,2402
SSC50938,31,41,86,61,66,49,73,107,15,532
SSC50939,37,11,3,0,6,0,3,8,0,76
SSC50940,107,159,211,86,145,56,80,129,18,991
SSC50941,104,152,270,109,168,145,145,100,21,1209
SSC50942,30,18,23,29,11,12,9,12,3,141
SSC50943,55,42,41,21,35,18,18,20,9,255
SSC50944,13,0,0,0,0,0,0,6,0,18
SSC50945,0,5,0,0,0,0,0,3,0,9
SSC50946,6,0,0,0,0,0,0,0,0,8
SSC50947,32,37,79,54,62,32,37,57,4,391
SSC50948,3,0,0,0,0,0,4,7,0,13
SSC50949,22,0,3,0,6,0,0,6,0,36
SSC50950,617,734,603,402,526,419,150,275,64,3799
SSC50951,6,3,0,3,0,0,0,4,0,13
SSC50952,10,3,0,0,4,0,0,0,0,17
SSC50953,27,9,18,12,11,11,29,12,3,127
SSC50954,25,9,0,0,4,0,0,0,0,36
SSC50955,7,0,0,0,0,0,0,0,0,10
SSC50956,10,4,3,3,0,0,0,3,0,27
SSC50957,9,0,3,0,0,0,0,9,0,21
SSC50958,13,4,12,5,9,8,13,9,4,69
SSC50959,113,191,117,111,87,66,38,93,4,823
SSC50960,146,270,464,422,270,295,303,636,81,2892
SSC50961,0,0,0,0,0,0,0,0,0,0
SSC50962,14,3,0,0,0,0,3,4,0,23
SSC50963,22,3,4,3,4,3,8,0,0,45
SSC50964,12,0,3,0,0,3,3,9,0,33
SSC50965,12,15,16,11,11,6,10,4,0,91
SSC50966,21,0,0,0,3,0,0,0,0,31
SSC50967,8,0,0,0,3,0,0,0,0,15
SSC50968,0,4,6,3,4,3,6,5,0,31
SSC50969,12,0,0,0,0,0,0,0,0,12
SSC50970,39,18,30,18,25,27,19,26,3,198
SSC50971,13,0,0,0,5,0,3,3,0,26
SSC50972,6,3,7,0,0,0,5,3,0,21
SSC50973,21,7,3,3,7,3,13,15,0,74
SSC50974,0,0,6,0,3,0,0,4,0,15
SSC50975,8,3,0,3,3,0,0,3,0,17
SSC50976,13,0,5,0,3,0,0,0,0,20
SSC50977,29,14,21,10,13,12,15,9,5,124
SSC50978,112,72,137,78,96,85,82,105,6,778
SSC50979,0,0,0,0,0,0,0,0,0,0
SSC50980,3,0,3,0,0,0,0,0,0,10
SSC50981,21,3,3,0,0,0,3,3,0,38
SSC50982,49,48,87,36,40,21,55,31,6,373
SSC50983,30,32,20,25,15,19,23,32,3,194
SSC50984,5,3,0,0,0,0,0,3,0,16
SSC50985,7,0,0,0,0,0,0,0,0,12
SSC50986,64,65,80,36,60,36,41,49,13,433
SSC50987,27,51,42,39,32,19,26,57,3,302
SSC50988,911,1743,1835,1169,1501,1007,733,1080,182,10163
SSC50989,5,3,0,0,0,0,0,4,0,20
SSC50990,720,1531,300,397,458,321,62,218,59,4059
SSC50991,16,3,0,0,0,0,0,0,0,21
SSC50992,3,0,0,0,0,0,0,0,0,5
SSC50993,0,0,0,0,0,0,0,0,0,0
SSC50994,171,108,181,109,130,94,102,201,10,1108
SSC50995,0,0,0,0,0,0,0,0,0,4
SSC50996,4,3,4,3,4,0,3,0,0,21
SSC50997,3,0,0,3,0,0,0,0,0,6
SSC50998,364,883,101,186,258,161,23,70,31,2078
SSC50999,33,65,36,35,40,35,16,26,3,282
SSC51000,10,7,14,0,7,6,0,5,0,44
SSC51001,0,0,0,0,0,0,0,0,0,0
SSC51002,11,0,0,0,0,0,0,4,0,19
SSC51003,11,14,11,8,13,13,9,5,0,84
SSC51004,10,18,13,8,11,0,4,40,0,105
SSC51005,628,1609,373,336,475,287,93,181,43,4022
SSC51006,151,263,326,170,206,116,120,151,30,1527
SSC51007,0,0,4,0,0,3,0,0,0,9
SSC51008,0,0,0,0,0,0,0,0,0,3
SSC51009,5,0,3,0,0,0,4,7,0,17
SSC51010,0,0,0,0,0,0,0,0,0,0
SSC51011,928,2246,548,561,710,507,142,257,75,5968
SSC51012,0,0,0,0,0,0,0,0,0,0
SSC51013,9,0,0,0,3,0,0,3,0,19
SSC51014,22,20,24,9,15,7,10,24,11,143
SSC51015,46,133,87,68,60,56,37,68,4,560
SSC51016,163,255,251,167,220,150,109,128,17,1460
SSC51017,0,0,0,0,0,0,0,0,0,3
SSC51018,0,0,0,0,0,0,0,0,0,0
SSC51019,0,0,0,0,0,0,0,0,0,0
SSC51020,602,1165,280,254,474,319,71,120,41,3334
SSC51021,91,131,156,80,141,99,85,71,15,863
SSC51022,0,0,0,0,0,0,0,0,0,0
SSC51023,47,96,276,10,26,3,282,92,17,843
SSC51024,23,3,0,0,5,0,0,8,0,33
SSC51025,13,0,0,0,0,0,0,0,0,11
SSC51026,163,277,271,176,208,151,122,182,30,1572
SSC51027,18,6,0,0,0,0,3,3,0,34
SSC51028,0,0,0,0,0,0,0,0,0,0
SSC51029,0,0,0,0,0,0,0,0,0,0
SSC51030,68,35,100,38,76,14,46,69,14,460
SSC51031,16,8,19,8,6,3,8,22,0,89
SSC51032,6,8,3,10,0,0,5,5,3,45
SSC51033,0,3,3,0,0,0,0,3,0,8
SSC51034,43,11,26,13,18,6,19,15,4,161
SSC51035,0,0,0,0,0,0,0,0,0,0
SSC51036,3,6,21,0,3,0,22,45,6,102
SSC51037,386,701,493,333,452,303,114,193,45,3021
SSC51038,21,4,8,4,4,4,6,13,3,68
SSC51039,28,26,21,26,16,3,17,17,9,157
SSC51040,19,24,28,20,15,9,10,19,5,141
SSC51041,7,9,12,3,15,5,8,13,0,68
SSC51042,7,4,3,3,0,0,6,4,0,40
SSC51043,10,0,3,3,0,4,0,7,0,28
SSC51044,0,0,0,0,0,0,0,0,0,0
SSC51045,175,277,223,131,194,132,114,98,24,1378
SSC51046,60,41,118,53,66,51,83,78,7,561
SSC51047,6,0,3,0,0,0,0,0,0,15
SSC51048,5,3,11,0,0,3,0,0,0,28
SSC51049,35,3,3,0,4,0,3,7,0,60
SSC51050,265,353,467,211,396,232,152,207,44,2325
SSC51051,14,0,4,0,0,0,3,0,0,23
SSC51052,28,5,8,0,0,3,4,5,0,52
SSC51053,10,0,0,0,3,0,9,7,0,35
SSC51054,116,350,125,147,178,148,44,111,12,1239
SSC51055,5,6,3,0,0,0,3,3,0,15
SSC51056,3,6,0,0,0,0,0,0,0,14
SSC51057,33,13,31,8,15,7,12,25,0,144
SSC51058,0,0,0,0,0,0,0,0,0,0
SSC51059,125,229,115,97,123,89,30,53,9,870
SSC51060,47,26,51,12,39,19,35,31,0,262
SSC51061,13,11,4,0,8,4,10,9,0,59
SSC51062,8,0,0,0,0,0,0,0,0,7
SSC51063,4,0,0,0,0,0,0,0,0,5
SSC51064,12,0,0,0,3,0,0,0,0,12
SSC51065,9,3,0,3,0,0,0,3,0,17
SSC51066,26,13,50,13,11,13,5,19,0,153
SSC51067,8,0,0,0,3,0,4,3,0,12
SSC51068,8,0,3,0,0,0,0,0,0,11
SSC51069,4,0,0,0,0,0,0,0,0,3
SSC51070,0,0,0,0,0,0,0,0,0,0
SSC51071,12,3,0,0,5,3,3,0,0,35
SSC51072,8,0,0,0,0,0,0,0,0,8
SSC51073,79,48,56,37,26,27,39,63,8,386
SSC51074,9,4,6,3,5,0,4,9,0,43
SSC51075,21,0,14,0,0,0,10,8,0,62
SSC51076,47,16,14,10,15,6,6,26,3,145
SSC51077,9,0,0,0,0,0,0,0,0,10
SSC51078,43,25,26,17,21,14,16,33,9,204
SSC51079,0,0,7,4,4,4,9,6,0,29
SSC51080,5,6,0,0,13,4,4,3,0,40
SSC51081,12,0,0,0,3,0,0,0,0,16
SSC51082,88,27,25,16,20,15,31,43,0,257
SSC51083,174,286,299,227,169,152,114,236,26,1688
SSC51084,15,14,12,0,7,0,9,0,3,64
SSC51085,9,3,9,3,0,4,0,3,0,32
SSC51086,0,0,6,0,3,0,0,0,0,12
SSC51087,0,0,0,0,0,0,0,0,0,0
SSC51088,732,2342,217,352,505,322,60,172,74,4779
SSC51089,43,0,5,0,4,0,3,4,0,61
SSC51090,5,0,3,0,0,0,0,3,0,16
SSC51091,7,3,3,3,3,3,0,9,0,35
SSC51092,40,3,8,3,15,8,13,39,3,140
SSC51093,3,0,0,0,0,0,0,0,0,9
SSC51094,42,4,0,0,10,0,3,7,0,66
SSC51095,0,0,0,0,0,0,0,0,0,0
SSC51096,0,0,0,0,0,0,0,0,0,0
SSC51097,15,0,4,3,3,0,0,3,0,35
SSC51098,10,0,0,0,0,0,0,0,0,10
SSC51099,25,11,12,3,6,4,16,11,0,80
SSC51100,30,6,7,3,8,0,3,7,0,64
SSC51101,270,425,1048,186,241,111,1052,373,73,3784
SSC51102,26,44,3,47,9,3,3,13,9,161
SSC51103,234,377,567,193,291,136,261,163,53,2273
SSC51104,9,0,17,3,6,10,19,19,0,82
SSC51105,10,3,3,0,3,3,3,4,0,34
SSC51106,0,0,0,0,0,0,0,0,0,3
SSC51107,14,0,0,0,0,0,0,0,0,14
SSC51108,8,3,7,0,3,0,3,3,0,34
SSC51109,5,6,8,3,8,0,4,3,0,34
SSC51110,17,4,3,0,3,0,0,0,0,30
SSC51111,11,3,0,0,0,0,0,0,0,14
SSC51112,462,1192,952,762,760,498,383,669,78,5741
SSC51113,14,0,0,4,0,0,0,0,0,19
SSC51114,455,752,575,375,593,412,210,326,77,3782
SSC51115,11,6,3,3,0,0,7,3,0,32
SSC51116,5,0,0,0,4,0,0,0,0,13
SSC51117,29,20,31,23,25,12,36,36,13,217
SSC51118,12,3,0,0,0,0,0,0,0,20
SSC51119,0,0,0,0,0,0,0,0,0,0
SSC51120,256,492,216,156,207,151,48,90,27,1646
SSC51121,0,0,0,0,3,0,0,5,0,13
SSC51122,34,20,31,13,28,17,13,17,4,174
SSC51123,7,0,0,0,0,0,0,0,0,7
SSC51124,0,0,0,0,0,0,0,0,0,3
SSC51125,265,375,156,122,190,99,40,57,29,1333
SSC51126,49,32,65,33,28,25,36,35,18,319
SSC51127,0,0,0,0,0,0,0,0,0,4
SSC51128,320,705,108,143,167,108,36,62,37,1679
SSC51129,0,4,12,4,3,4,6,8,0,43
SSC51130,14,3,0,0,3,7,0,3,0,34
SSC51131,12,3,0,0,0,0,0,3,0,27
SSC51132,30,8,0,3,3,0,0,3,0,39
SSC51133,9,0,0,0,0,0,0,0,0,9
SSC51134,94,178,104,66,101,66,36,46,9,699
SSC51135,9,0,3,0,0,0,0,3,0,13
SSC51136,13,4,0,0,6,0,0,0,0,26
SSC51137,729,1778,500,407,566,331,106,226,64,4705
SSC51138,108,12,10,3,7,6,12,37,13,205
SSC51139,3,3,0,0,0,0,0,3,0,14
SSC51140,29,6,3,4,11,3,6,11,0,61
SSC51141,11,0,0,0,0,0,0,0,0,14
SSC51142,19,0,7,0,0,0,5,3,0,37
SSC51143,10,16,6,3,3,0,3,5,0,52
SSC51144,4,0,0,0,0,0,0,0,0,6
SSC51145,11,0,0,0,0,0,0,0,0,11
SSC51146,23,37,68,25,29,35,48,43,10,320
SSC51147,256,353,408,324,340,233,233,332,40,2517
SSC51148,30,32,27,31,18,11,55,39,6,257
SSC51149,93,169,92,102,61,43,17,71,13,652
SSC51150,31,13,18,13,11,0,12,26,0,124
SSC51151,5,0,0,0,0,0,0,0,0,11
SSC51152,29,24,18,4,14,7,3,15,3,112
SSC51153,6,0,0,0,0,0,0,0,0,8
SSC51154,9,4,4,0,3,3,3,0,0,23
SSC51155,72,92,428,21,38,3,536,110,27,1323
SSC51156,0,5,0,0,0,0,0,0,0,10
SSC51157,19,24,49,48,27,58,55,79,10,361
SSC51158,9,10,4,0,5,3,7,7,0,50
SSC51159,0,0,0,0,0,0,0,3,0,6
SSC51160,18,4,3,5,5,3,3,3,4,50
SSC51161,78,9,11,3,15,4,19,19,0,167
SSC51162,23,74,36,32,28,22,13,18,0,246
SSC51163,0,0,0,0,0,0,0,0,0,0
SSC51164,166,186,289,124,235,115,122,140,22,1398
SSC51165,52,93,80,42,41,29,15,45,0,400
SSC51166,576,958,621,417,609,437,153,271,66,4104
SSC51167,16,3,0,0,0,3,0,5,0,31
SSC51168,16,0,0,0,0,0,3,11,0,30
SSC51169,40,17,24,21,23,6,24,17,0,160
SSC51170,4,3,3,0,4,3,5,11,0,37
SSC51171,55,36,114,35,40,6,79,55,9,442
SSC51172,3,0,4,6,0,0,0,3,0,13
SSC51173,0,0,0,0,0,0,0,0,0,0
SSC51174,35,63,142,130,71,118,87,158,12,811
SSC51175,50,40,76,27,59,17,42,36,10,351
SSC51176,9,0,0,0,0,0,0,3,0,15
SSC51177,17,0,0,3,0,0,0,3,0,25
SSC51178,8,7,3,9,4,0,3,23,4,69
SSC51179,115,154,338,232,200,191,261,279,28,1797
SSC51180,214,502,300,281,328,188,138,292,30,2284
SSC51181,16,14,3,11,7,9,4,5,4,65
SSC51182,424,948,848,442,594,347,202,335,63,4199
SSC51183,17,4,3,9,6,4,15,10,0,74
SSC51184,27,0,8,4,6,0,0,16,0,56
SSC51185,5,0,0,0,0,0,0,0,0,12
SSC51186,3,0,3,0,3,3,9,3,0,28
SSC51187,434,1113,453,374,445,297,151,188,53,3501
SSC51188,36,25,98,22,29,11,140,21,9,384
SSC51189,13,0,3,0,3,0,0,3,0,18
SSC51190,48,61,173,45,52,25,220,52,14,698
SSC51191,26,4,20,3,8,3,7,15,0,86
SSC51192,9,0,0,0,0,0,0,5,0,15
SSC51193,0,0,0,0,0,0,0,0,0,0
SSC51194,146,244,211,122,166,92,78,91,7,1158
SSC51195,3,0,0,0,0,0,0,0,0,7
SSC51196,0,0,6,0,3,4,0,8,0,25
SSC51197,27,39,54,35,40,26,35,22,0,289
SSC51198,281,611,484,332,482,269,207,329,51,3058
SSC51199,148,214,445,284,261,254,311,377,66,2361
SSC51200,9,3,7,0,4,3,3,8,0,40
SSC51201,7,8,7,8,8,3,4,4,0,47
SSC51202,14,0,3,0,0,0,6,0,0,25
SSC51203,5,4,4,0,0,0,9,6,0,29
SSC51204,0,0,0,0,0,0,0,0,0,3
SSC51205,3,4,3,3,0,3,0,3,0,20
SSC51206,5,15,23,0,0,0,29,10,0,82
SSC51207,205,411,398,221,369,216,122,192,28,2159
SSC51208,0,0,0,0,0,0,0,0,0,0
SSC51209,0,0,0,0,0,0,0,3,0,4
SSC51210,89,170,223,97,114,96,124,131,21,1063
SSC51211,69,80,54,32,80,50,21,30,13,426
SSC51212,67,50,40,34,39,45,37,95,10,424
SSC51213,157,290,34,62,69,47,4,22,17,697
SSC51214,29,61,35,26,31,18,8,21,6,230
SSC51215,56,4,13,10,11,0,36,21,0,152
SSC51216,17,4,0,0,3,0,0,3,0,28
SSC51217,0,4,0,7,0,0,0,6,0,17
SSC51218,930,2217,683,650,752,349,153,457,100,6291
SSC51219,0,0,0,0,0,0,0,0,0,0
SSC51220,35,11,5,5,8,10,11,10,0,89
SSC51221,4,0,0,0,0,0,0,0,0,6
SSC51222,486,1232,761,496,764,418,346,310,54,4881
SSC51223,18,0,0,0,4,0,3,0,0,31
SSC51224,100,232,250,125,121,81,199,116,13,1256
SSC51225,75,32,37,22,40,12,20,29,4,278
SSC51226,0,0,9,3,4,5,0,8,0,28
SSC51227,4,4,3,0,0,8,17,5,0,46
SSC51228,13,19,7,5,14,4,4,8,0,75
SSC51229,17,0,0,4,4,0,0,3,0,31
SSC51230,13,0,0,0,0,0,0,0,0,16
SSC51231,36,4,0,0,3,0,3,6,4,53
SSC51232,25,16,37,24,32,10,30,38,7,225
SSC51233,81,9,7,6,6,0,6,14,0,131
SSC51234,3,0,8,0,6,3,8,5,4,42
SSC51235,100,156,335,217,151,165,264,240,35,1668
SSC51236,39,63,83,30,57,51,60,55,4,449
SSC51237,13,0,0,3,0,0,4,0,0,19
SSC51238,7,8,12,3,3,9,8,0,0,48
SSC51239,11,9,16,5,6,0,15,10,4,74
SSC51240,25,5,5,0,0,0,3,9,0,54
SSC51241,10,27,52,6,15,0,37,20,7,168
SSC51242,0,0,0,0,0,0,0,0,0,0
SSC51243,26,16,26,8,19,5,14,19,3,136
SSC51244,19,8,5,3,5,3,6,11,0,60
SSC51245,49,22,16,14,11,10,4,20,3,144
SSC51246,3,13,9,6,7,3,4,6,0,48
SSC51247,75,52,90,38,78,31,38,83,13,494
SSC51248,316,378,564,153,286,118,273,194,56,2336
SSC51249,554,708,1142,793,736,656,556,771,116,6026
SSC51250,0,0,0,0,0,0,0,0,0,0
SSC51251,4,6,7,14,0,4,10,5,4,56
SSC51252,0,6,17,4,7,7,8,10,0,53
SSC51253,20,29,10,13,5,10,0,9,3,106
SSC51254,0,0,0,0,0,0,0,0,0,3
SSC51255,4,0,0,0,0,0,0,0,0,5
SSC51256,0,0,0,0,0,0,0,0,0,4
SSC51257,34,22,24,27,19,17,25,37,0,198
SSC51258,11,0,0,0,3,0,3,8,0,30
SSC51259,24,48,29,14,13,13,7,23,0,177
SSC51260,240,591,469,411,372,265,303,435,55,3145
SSC51261,12,0,3,3,3,5,0,3,0,41
SSC51262,5,3,0,0,0,0,0,0,0,11
SSC51263,6,4,5,4,0,0,0,0,0,20
SSC51264,104,99,125,62,73,63,39,69,14,651
SSC51265,12,0,0,0,0,0,8,0,0,26
SSC51266,9,10,6,7,10,3,4,7,0,58
SSC51267,413,665,866,552,548,427,235,463,78,4250
SSC51268,3,4,18,4,10,3,29,10,0,78
SSC51269,34,38,82,75,44,61,70,127,13,531
SSC51270,85,14,22,15,30,11,42,30,0,257
SSC51271,71,75,165,73,88,66,121,101,7,766
SSC51272,8,0,0,0,0,0,0,13,0,26
SSC51273,8,0,0,0,3,0,0,7,0,17
SSC51274,3,7,5,3,3,3,0,3,3,30
SSC51275,3,0,9,0,3,0,0,3,0,16
SSC51276,204,361,373,284,331,183,205,223,47,2205
SSC51277,10,9,6,7,3,0,3,8,3,43
SSC51278,30,9,14,6,13,6,5,20,0,106
SSC51279,10,3,5,0,3,0,0,4,0,24
SSC51280,0,0,0,0,0,0,0,0,0,3
SSC51281,10,0,0,0,3,0,0,5,0,15
SSC51282,14,19,21,11,18,7,3,13,3,112
SSC51283,0,0,0,0,0,0,0,0,0,0
SSC51284,0,0,0,0,0,0,0,0,0,0
SSC51285,158,226,405,247,272,185,153,242,45,1933
SSC51286,14,7,7,0,6,7,6,8,0,51
SSC51287,268,731,346,239,342,200,139,209,39,2501
SSC51288,547,1210,783,574,687,407,343,500,92,5146
SSC51289,55,42,49,35,40,33,31,32,7,323
SSC51290,535,652,1124,795,731,533,512,713,113,5707
SSC51291,4,14,27,3,4,0,45,7,0,111
SSC51292,0,0,0,0,0,0,0,0,0,0
SSC51293,21,0,0,3,0,3,0,10,0,34
SSC51294,18,23,27,40,15,0,18,26,9,174
SSC51295,47,23,40,27,30,10,9,25,9,220
SSC51296,68,62,99,37,51,34,32,42,4,428
SSC51297,433,673,602,329,508,276,222,244,53,3339
SSC51298,20,17,9,11,13,12,8,12,3,113
SSC51299,29,14,13,5,7,7,3,8,0,90
SSC51300,0,3,0,0,0,0,0,0,0,7
SSC51301,225,477,110,129,163,137,42,64,13,1355
SSC51302,14,6,50,4,4,0,34,12,3,131
SSC51303,19,6,20,18,3,5,3,6,0,85
SSC51304,4,3,12,3,3,4,4,7,0,46
SSC51305,7,25,19,11,16,9,7,8,4,102
SSC51306,19,3,0,0,0,0,0,0,0,22
SSC51307,11,5,3,0,0,3,0,4,0,33
SSC51308,307,484,602,363,363,320,249,310,46,3041
SSC51309,58,3,4,0,4,4,6,13,0,91
SSC51310,214,375,83,100,172,93,25,55,23,1141
SSC51311,98,211,124,107,131,96,64,89,17,936
SSC51312,55,78,62,36,64,42,33,39,6,425
SSC51313,0,0,0,0,0,0,0,0,0,0
SSC51314,5,0,0,0,0,0,0,0,0,3
SSC51315,13,0,6,0,3,0,4,7,0,40
SSC51316,20,10,4,4,0,0,0,0,0,39
SSC51317,58,90,97,44,61,34,33,41,6,473
SSC51318,47,8,0,0,0,0,3,14,0,70
SSC51319,1274,2652,1352,971,1105,709,291,539,108,8991
SSC51320,0,0,0,0,0,0,0,0,0,0
SSC51321,60,40,23,22,24,9,6,21,0,207
SSC51322,20,0,0,0,0,0,0,10,0,29
SSC51323,5,0,0,0,0,0,0,11,0,11
SSC51324,27,6,0,0,0,0,0,5,0,34
SSC51325,10,4,3,0,0,0,8,3,0,26
SSC51326,632,903,1204,783,736,603,414,483,103,5860
SSC51327,8,10,19,16,3,11,7,11,0,91
SSC51328,131,116,230,93,130,78,127,91,17,1017
SSC51329,308,463,901,616,577,507,616,590,73,4647
SSC51330,22,3,3,3,3,0,3,6,0,44
SSC51331,49,68,33,23,30,17,22,24,3,268
SSC51332,0,0,0,0,0,0,0,0,0,0
SSC51333,0,0,0,0,0,0,0,0,0,0
SSC51334,306,694,220,203,288,174,77,139,36,2134
SSC51335,315,1025,123,172,223,134,17,99,29,2138
SSC51336,0,0,0,0,0,0,0,0,0,3
SSC51337,157,281,307,191,202,141,131,167,31,1615
SSC51338,0,0,0,0,0,0,0,0,0,0
SSC51339,11,6,5,0,3,7,0,9,3,42
SSC51340,61,85,104,59,54,58,35,53,3,519
SSC51341,127,241,293,151,217,104,107,126,26,1384
SSC51342,30,41,79,45,37,43,42,55,6,391
SSC51343,168,285,373,192,208,145,144,169,29,1713
SSC51344,0,0,0,0,0,0,0,0,0,0
SSC51345,0,0,0,0,0,0,0,0,0,0
SSC51346,4,7,5,3,0,4,0,3,0,30
SSC51347,0,0,0,0,0,0,0,0,0,0
SSC51348,230,348,471,195,256,153,316,153,41,2170
SSC51349,660,1067,400,311,504,364,96,149,63,3618
SSC51350,0,0,0,0,0,0,0,0,0,3
SSC51351,45,36,122,34,58,44,143,46,8,541
SSC51352,387,789,694,394,467,337,232,424,48,3781
SSC51353,10,0,0,0,0,0,0,0,0,10
SSC51354,41,43,57,49,68,45,38,55,3,402
SSC51355,10,0,0,0,0,3,0,0,0,13
SSC51356,6,0,3,0,0,0,0,0,0,15
SSC51357,230,596,154,164,145,98,61,88,25,1560
SSC51358,3,0,0,0,0,0,0,0,0,10
SSC51359,8,9,9,3,3,0,4,5,0,41
SSC51360,215,351,261,188,292,117,131,133,20,1711
SSC51361,289,508,1129,386,472,307,638,514,107,4357
SSC51362,140,226,494,250,227,191,447,234,27,2229
SSC51363,7,0,0,3,0,0,0,3,0,12
SSC51364,31,0,4,3,4,0,3,4,0,46
SSC51365,4,0,0,0,0,0,0,0,0,9
SSC51366,229,455,549,303,394,246,288,356,59,2889
SSC51367,7,0,0,3,0,0,0,3,0,22
SSC51368,0,3,0,3,0,0,0,0,0,12
SSC51369,12,0,0,0,3,0,0,0,0,15
SSC51370,1101,2271,540,549,819,481,146,295,79,6282
SSC51371,65,5,3,5,9,4,3,22,0,110
SSC51372,22,6,0,3,0,0,0,4,0,36
SSC51373,4,0,0,0,0,0,0,3,0,9
SSC51374,23,3,3,3,4,0,3,12,0,46
SSC51375,9,0,0,0,0,0,0,3,0,21
SSC51376,10,0,0,0,0,0,0,0,0,14
SSC51377,13,0,0,3,0,0,0,0,0,17
SSC51378,4,0,0,0,0,0,0,0,0,9
SSC51379,131,158,238,115,139,140,143,108,23,1193
SSC51380,8,4,0,3,3,0,4,0,0,31
SSC51381,19,9,5,0,10,0,3,5,0,42
SSC51382,54,15,71,16,27,19,64,31,6,304
SSC51383,587,1079,907,491,734,511,327,426,90,5161
SSC51384,54,43,128,83,74,70,92,102,18,670
SSC51385,381,647,957,484,592,458,343,532,91,4488
SSC51386,133,202,198,192,138,137,83,168,21,1263
SSC51387,3,13,4,3,4,0,0,9,0,43
SSC51388,13,13,31,10,13,3,15,19,0,113
SSC51389,3,0,0,0,0,0,0,3,0,10
SSC51390,22,38,26,49,12,9,20,32,12,212
SSC51391,216,635,352,266,258,215,135,205,32,2309
SSC51392,8,5,3,0,0,0,0,0,0,20
SSC51393,33,29,56,27,36,19,19,12,7,234
SSC51394,701,1285,676,375,760,494,155,304,69,4816
SSC51395,9,11,12,8,6,6,3,26,0,86
SSC51396,0,0,0,0,0,0,0,0,0,0
SSC51397,137,222,226,122,173,89,99,88,26,1188
SSC51398,4,0,3,0,0,0,3,3,0,14
SSC51399,68,75,128,68,103,71,66,65,12,668
SSC51400,37,66,64,33,47,25,19,25,4,329
SSC51401,4,0,0,0,0,0,0,0,0,8
SSC51402,95,126,274,188,203,158,201,198,20,1450
SSC51403,0,3,0,0,0,0,3,0,0,6
SSC51404,7,15,4,15,0,0,3,6,0,61
SSC51405,805,2244,310,341,496,302,49,173,64,4779
SSC51406,531,1071,888,539,781,483,320,460,95,5169
SSC51407,7,11,7,7,0,0,3,3,0,47
SSC51408,49,113,129,98,79,61,60,54,9,641
SSC51409,316,459,657,414,527,354,372,425,76,3598
SSC51410,386,772,91,223,192,128,17,52,43,1904
SSC51411,22,0,9,3,9,3,3,9,0,57
SSC51412,113,258,949,32,99,0,307,558,27,2338
SSC51413,24,6,6,3,3,4,6,4,0,61
SSC51414,0,0,0,0,0,0,0,0,0,9
SSC51415,5,0,0,0,4,0,0,3,0,18
SSC51416,0,0,0,0,0,0,0,0,0,0
SSC51417,0,0,0,0,0,0,0,3,0,3
SSC51418,0,0,0,0,0,0,0,0,0,0
SSC51419,25,3,10,15,6,3,15,3,4,87
SSC51420,6,6,12,4,4,3,3,15,0,56
SSC51421,4,0,0,0,0,0,0,0,0,5
SSC51422,9,15,4,8,3,0,0,4,0,51
SSC51423,9,0,3,0,0,0,0,0,0,14
SSC51424,518,871,851,559,705,483,263,434,78,4765
SSC51425,99,158,89,70,95,60,38,51,8,672
SSC51426,7,0,0,0,3,0,3,0,0,8
SSC51427,9,3,0,0,0,3,0,3,0,23
SSC51428,17,5,6,3,3,0,9,4,0,48
SSC51429,28,93,150,12,17,0,152,42,12,498
SSC51430,18,0,0,0,0,0,0,0,0,20
SSC51431,40,3,8,4,9,8,8,16,3,102
SSC51432,9,4,7,4,3,6,4,3,0,38
SSC51433,7,3,0,0,6,3,3,4,0,30
SSC51434,0,0,0,0,0,0,0,0,0,0
SSC51435,424,428,415,263,422,233,152,174,28,2541
SSC51436,18,4,8,0,3,0,3,9,0,37
SSC51437,822,1562,1927,1178,1629,1092,1042,1312,199,10756
SSC51438,23,16,27,30,7,13,20,15,3,157
SSC51439,15,6,5,0,4,0,0,5,0,37
SSC51440,0,0,0,0,0,0,0,0,0,4
SSC51441,13,0,3,3,5,0,3,4,0,34
SSC51442,11,3,3,6,0,0,0,10,0,29
SSC51443,143,174,423,101,147,52,375,85,18,1521
SSC51444,7,0,0,0,0,0,0,3,0,14
SSC51445,60,80,81,57,61,34,60,51,16,503
SSC51446,3,0,0,0,0,0,0,0,0,5
SSC51447,0,0,0,0,0,0,0,0,0,0
SSC51448,3,0,0,0,0,0,0,0,0,4
SSC51449,50,21,19,29,14,15,7,18,3,176
SSC51450,4,0,5,5,0,3,0,3,0,29
SSC51451,0,0,0,0,0,0,0,0,0,0
SSC51452,0,0,0,0,0,0,0,0,0,0
SSC51453,5,0,7,3,3,5,9,3,0,44
SSC51454,25,4,0,3,3,5,4,8,0,54
SSC51455,0,0,0,0,0,0,0,0,0,0
SSC51456,254,470,161,130,163,135,30,54,16,1404
SSC51457,8,0,0,0,0,0,0,0,0,8
SSC51458,383,957,526,399,518,369,223,347,47,3768
SSC51459,4,0,0,0,0,0,0,0,0,4
SSC51460,11,3,0,3,3,3,3,7,0,36
SSC51461,95,125,283,119,137,101,129,170,24,1179
SSC51462,11,5,0,3,4,0,3,0,0,24
SSC51463,7,4,0,3,0,0,0,0,0,16
SSC51464,40,17,34,9,10,3,12,30,4,158
SSC51465,0,0,0,0,0,0,0,0,0,0
SSC51466,25,14,15,7,6,0,6,11,0,95
SSC51467,7,0,0,0,0,0,0,0,0,5
SSC51468,46,33,54,24,37,16,36,28,3,275
SSC51469,8,4,3,0,0,0,0,4,0,19
SSC51470,6,4,21,0,4,0,14,8,0,72
SSC51471,65,106,152,116,96,113,120,152,17,935
SSC51472,23,32,106,61,40,54,58,89,17,480
SSC51473,0,0,0,0,0,0,0,0,0,0
SSC51474,16,0,0,0,0,0,3,0,0,29
SSC51475,109,123,261,158,128,128,115,149,7,1162
SSC51476,548,1424,651,540,633,366,253,434,71,4921
SSC51477,0,0,0,0,0,0,0,0,0,0
SSC51478,28,30,91,37,59,27,103,51,12,436
SSC51479,0,0,0,0,0,0,0,0,0,0
SSC51480,51,94,69,55,73,63,41,57,0,502
SSC51481,28,3,3,0,3,0,3,5,3,55
SSC51482,10,0,0,0,0,0,0,0,0,13
SSC51483,16,0,0,0,0,0,0,0,0,28
SSC51484,15,7,0,0,3,3,0,4,3,37
SSC51485,8,0,0,0,0,0,3,0,0,18
SSC51486,89,120,207,92,150,111,131,144,14,1068
SSC51487,89,61,92,69,50,50,72,86,8,573
SSC51488,421,699,1121,681,649,529,546,659,92,5406
SSC51489,12,7,0,0,0,0,0,6,0,27
SSC51490,13,3,0,5,0,0,0,3,0,31
SSC51491,28,13,13,10,17,3,24,23,0,130
SSC51492,0,0,0,0,0,0,0,0,0,0
SSC51493,0,0,0,0,0,0,0,0,0,0
SSC51494,49,69,86,44,62,30,34,45,13,441
SSC51495,3,3,3,7,0,3,0,0,3,19
SSC51496,31,22,23,19,17,18,10,28,3,161
SSC51497,15,3,6,0,8,3,3,11,0,56
SSC51498,11,0,3,3,0,0,0,0,0,24
SSC51499,0,0,0,0,0,0,0,0,0,0
SSC51500,11,0,0,0,0,0,0,3,0,15
SSC51501,5,0,0,0,3,0,0,0,0,13
SSC51502,3,0,0,0,0,0,0,0,0,5
SSC51503,31,11,25,7,11,4,28,13,3,130
SSC51504,170,343,310,175,263,121,81,98,26,1586
SSC51505,11,0,9,0,4,3,0,0,0,31
SSC51506,247,425,292,256,288,197,138,166,34,2045
SSC51507,35,5,3,5,4,0,4,10,3,62
SSC51508,3,0,6,0,3,4,0,0,3,25
SSC51509,36,3,7,4,7,0,9,6,0,70
SSC51510,168,233,288,151,164,162,136,140,27,1462
SSC51511,564,814,1089,614,758,494,451,674,114,5572
SSC51512,16,3,0,3,0,0,0,3,0,22
SSC51513,15,3,11,4,15,4,11,7,4,77
SSC51514,14,32,11,31,13,12,0,12,0,129
SSC51515,3,0,0,0,0,0,0,7,0,15
SSC51516,13,3,3,0,3,0,3,3,0,23
SSC51517,3,19,12,21,7,8,0,5,11,91
SSC51518,359,509,971,515,542,472,492,590,97,4551
SSC51519,18,3,3,0,0,0,0,6,0,30
SSC51520,127,85,263,134,101,67,204,153,15,1158
SSC51521,7,0,3,0,0,0,0,0,0,13
SSC51522,25,3,3,0,3,0,0,11,0,46
SSC51523,3,0,0,0,4,0,0,0,0,8
SSC51524,45,55,63,42,48,34,22,30,7,350
SSC51525,199,424,297,200,265,171,77,144,23,1807
SSC51526,16,7,4,3,3,5,0,3,0,48
SSC51527,17,0,0,0,0,0,0,0,0,21
SSC51528,164,375,93,90,136,114,33,100,24,1125
SSC51529,17,6,18,4,11,4,14,10,3,82
SSC51530,121,207,54,49,88,64,23,27,3,626
SSC51531,36,9,10,3,6,0,17,12,0,88
SSC51532,10,8,3,0,0,0,0,4,0,26
SSC51533,306,608,567,298,493,244,273,236,33,3051
SSC51534,34,22,58,26,24,8,23,19,7,221
SSC51535,8,0,0,3,3,0,0,0,3,17
SSC51536,11,6,20,11,9,4,3,5,0,74
SSC51537,0,0,0,0,0,0,0,3,0,7
SSC51538,27,11,0,3,8,0,4,7,0,52
SSC51539,17,0,22,3,11,0,17,13,3,92
SSC51540,16,0,0,0,0,0,0,0,0,14
SSC51541,0,0,0,0,0,0,0,0,0,0
SSC51542,391,875,852,572,638,409,422,483,80,4720
SSC51543,0,3,3,0,0,5,3,3,0,23
SSC51544,0,0,0,0,0,0,0,0,0,3
SSC51545,9,15,13,9,5,3,8,3,0,63
SSC51546,17,0,3,0,7,0,5,8,0,37
SSC51547,0,0,3,0,0,0,0,0,0,7
SSC51548,817,2082,515,560,664,449,151,465,62,5764
SSC51549,563,1128,254,226,356,248,42,100,39,2954
SSC51550,18,0,0,4,0,0,0,3,0,25
SSC51551,121,163,124,54,85,84,60,48,21,765
SSC51552,3,0,0,0,0,0,0,0,0,5
SSC51553,310,481,628,424,407,397,279,487,49,3470
SSC51554,0,0,0,0,0,0,0,0,0,0
SSC51555,7,0,0,3,0,0,0,0,0,13
SSC51556,28,15,13,6,7,5,8,10,4,91
SSC51557,19,35,25,27,9,9,15,26,6,163
SSC51558,6,0,0,0,0,0,0,0,0,11
SSC51559,11,0,0,0,0,0,0,0,0,19
SSC51560,0,0,0,0,0,0,5,0,0,17
SSC51561,61,120,148,54,93,51,132,62,9,733
SSC51562,317,933,159,179,237,148,52,106,27,2151
SSC51563,5,3,0,0,0,0,0,0,0,9
SSC51564,443,1272,278,306,371,198,73,186,56,3178
SSC51565,23,12,6,4,4,0,3,3,0,56
SSC51566,22,22,27,16,21,19,32,23,4,182
SSC51567,11,0,0,3,3,0,3,0,0,22
SSC51568,27,0,0,0,0,0,0,12,0,47
SSC51569,51,35,43,20,44,25,15,19,0,257
SSC51570,30,30,31,25,34,21,24,25,3,212
SSC51571,18,0,6,3,5,0,0,4,0,45
SSC51572,209,419,472,389,378,269,231,407,70,2842
SSC51573,24,10,33,4,12,3,25,11,0,116
SSC51574,11,0,0,0,0,0,0,0,0,13
SSC51575,4,0,5,0,0,0,0,5,0,14
SSC51576,13,13,27,13,24,15,35,14,0,154
SSC51577,199,485,195,140,166,93,43,92,25,1436
SSC51578,27,36,47,12,37,19,16,13,3,205
SSC51579,0,0,0,0,0,0,0,5,0,4
SSC51580,0,0,0,0,0,0,3,0,0,7
SSC51581,11,0,0,0,0,0,0,0,0,11
SSC51582,0,0,0,0,0,0,0,0,0,0
SSC51583,0,0,0,0,0,0,0,0,0,0
SSC51584,57,15,16,16,16,11,17,31,4,177
SSC51585,49,98,330,103,103,41,243,83,23,1067
SSC51586,3,0,0,0,0,0,0,0,0,3
SSC51587,9,8,0,0,0,0,0,0,0,21
SSC51588,0,0,0,0,0,0,0,0,0,0
SSC51589,9,3,7,0,0,0,3,0,0,27
SSC51590,3,0,0,0,0,0,0,0,0,4
SSC51591,4,0,0,0,0,0,3,3,0,12
SSC51592,14,0,7,0,0,0,0,0,0,20
SSC51593,235,547,306,230,277,127,99,195,34,2044
SSC51594,5,3,11,0,0,0,0,13,0,33
SSC51595,890,2512,1108,846,1154,706,388,682,117,8406
SSC51596,14,17,14,4,6,0,0,6,0,58
SSC51597,196,58,46,38,42,16,40,56,10,504
SSC51598,3,0,4,6,6,6,19,5,0,52
SSC51599,38,34,46,23,32,31,14,25,3,258
SSC51600,277,741,361,365,334,257,139,315,58,2855
SSC51601,26,48,86,21,17,5,102,49,6,364
SSC51602,41,17,14,3,5,3,0,3,0,94
SSC51603,11,10,9,9,10,5,8,4,4,68
SSC51604,0,0,0,0,0,0,0,3,0,12
SSC51605,29,6,12,0,11,6,7,8,0,79
SSC51606,459,939,257,250,409,333,66,179,46,2936
SSC51607,25,22,17,14,20,11,7,31,0,145
SSC51608,56,120,183,109,75,106,112,232,18,1007
SSC51609,0,0,5,0,0,0,3,0,0,7
SSC51610,9,0,0,0,0,0,0,0,0,9
SSC51611,4,0,0,0,0,0,0,0,0,8
SSC51612,32,15,13,8,13,10,5,22,3,121
SSC51613,9,3,3,0,0,0,0,0,0,29
SSC51614,4,0,3,0,0,3,3,3,0,21
SSC51615,66,53,81,36,53,39,47,43,7,436
SSC51616,9,3,0,0,0,0,0,0,0,15
SSC51617,15,8,11,11,3,10,3,3,0,66
SSC51618,30,59,137,81,75,89,57,94,13,628
SSC51619,11,5,16,3,9,4,11,7,0,67
SSC51620,81,133,73,71,75,44,38,47,9,573
SSC51621,281,603,173,153,265,178,44,89,23,1804
SSC51622,4,0,0,0,0,0,0,0,0,4
SSC51623,15,18,46,19,25,14,27,47,5,226
SSC51624,629,1151,709,564,839,530,190,329,61,4999
SSC51625,24,3,3,0,0,0,5,9,0,44
SSC51626,0,0,0,0,0,0,0,0,0,0
SSC51627,16,0,0,0,0,0,0,0,0,17
SSC51628,5,0,0,0,0,0,0,0,0,9
SSC51629,51,47,85,35,50,20,23,41,13,362
SSC51630,64,86,126,59,107,70,77,61,20,669
SSC51631,10,3,6,3,8,4,4,6,0,37
SSC51632,4,0,3,0,0,0,0,0,0,11
SSC51633,22,5,5,0,3,0,10,4,0,40
SSC51634,34,52,112,72,77,52,66,108,12,590
SSC51635,14,22,30,11,22,12,13,9,4,139
SSC51636,0,0,0,0,0,0,0,0,0,0
SSC51637,36,15,15,10,16,0,21,13,0,134
SSC51638,9,0,0,0,0,0,3,3,3,15
SSC51639,27,38,19,80,24,10,19,29,5,247
SSC51640,6,3,3,0,4,0,0,3,0,19
SSC51641,10,0,4,0,0,0,0,0,0,15
SSC51642,8,9,12,8,4,3,11,3,0,60
SSC51643,127,152,178,166,135,116,69,137,21,1099
SSC51644,0,0,0,0,0,0,0,0,0,0
SSC51645,25,23,31,13,12,0,51,17,0,165
SSC51646,19,0,0,3,3,0,3,9,0,41
SSC51647,95,125,82,48,30,41,18,45,3,483
SSC51648,28,23,26,8,17,13,11,16,0,144
SSC51649,114,167,224,134,153,158,92,142,4,1192
SSC51650,306,484,809,460,461,351,341,472,54,3743
SSC51651,9,0,3,0,0,0,0,0,0,14
SSC51652,8,0,0,0,0,0,0,0,0,3
SSC51653,328,597,778,381,544,320,292,438,62,3730
SSC51654,22,5,10,3,6,3,0,11,5,62
SSC51655,0,0,0,0,0,0,0,0,0,3
SSC51656,6,0,0,0,0,0,0,0,0,7
SSC51657,7,3,0,7,3,0,0,6,0,28
SSC51658,30,12,22,12,7,8,26,25,7,146
SSC51659,14,0,0,0,0,0,0,0,0,10
SSC51660,30,0,5,0,3,0,3,13,0,58
SSC51661,13,3,3,0,5,0,3,3,0,29
SSC51662,0,0,0,0,0,0,0,0,0,0
SSC51663,12,0,12,0,3,0,7,3,0,41
SSC51664,0,0,0,0,0,0,0,0,0,0
SSC51665,0,0,0,0,0,0,0,0,0,0
SSC51666,12,5,11,3,0,0,0,4,0,42
SSC51667,17,3,3,3,3,0,5,4,0,44
SSC51668,4,7,5,0,0,0,0,0,0,15
SSC51669,0,0,0,0,0,0,0,0,0,3
SSC51670,15,5,0,0,3,0,4,0,0,24
SSC51671,3,0,0,0,0,0,0,0,0,3
SSC51672,713,1610,777,614,858,468,257,473,89,5864
SSC51673,17,7,9,0,3,6,7,0,0,46
SSC51674,95,129,133,118,105,85,88,143,10,909
SSC51675,5,3,0,0,0,0,0,0,0,13
SSC51676,11,3,4,0,0,0,0,7,0,33
SSC51677,9,0,0,0,0,0,3,0,0,13
SSC51678,6,5,0,0,0,0,0,0,0,16
SSC51679,44,23,23,17,15,12,10,20,3,170
SSC51680,0,0,0,0,0,0,0,0,0,0
SSC51681,15,0,0,0,0,0,0,0,0,13
SSC51682,0,0,0,0,0,0,0,0,0,0
SSC51683,0,0,0,0,0,0,0,0,0,0
SSC59494,104,235,349,162,114,90,276,386,58,1773
SSC59797,11,78,87,3,10,0,35,100,9,334
