SSC_CODE_2016,Num_MVs_per_dweling_0_MVs,Num_MVs_per_dweling_1_MVs,Num_MVs_per_dweling_2_MVs,Num_MVs_per_dweling_3_MVs,Num_MVs_per_dweling_4mo_MVs,Num_MVs_per_dweling_Tot,Num_MVs_NS,Total_dwelings
SSC50001,0,0,7,10,8,20,0,20
SSC50002,4,115,220,57,26,425,10,433
SSC50003,0,3,12,5,7,31,0,35
SSC50004,0,0,4,0,9,12,0,12
SSC50005,0,7,4,3,6,17,0,17
SSC50006,35,226,216,53,21,555,23,577
SSC50007,0,5,6,8,6,20,0,20
SSC50008,83,617,1048,472,288,2513,66,2575
SSC50009,0,0,7,0,0,7,0,7
SSC50010,32,266,463,106,47,917,13,928
SSC50011,31,729,1004,234,68,2061,50,2110
SSC50012,0,0,3,0,3,4,0,4
SSC50013,3,35,87,52,32,214,10,223
SSC50014,0,3,9,12,10,41,3,40
SSC50015,0,0,0,3,0,4,0,3
SSC50016,0,18,64,33,21,140,6,144
SSC50017,0,0,6,5,3,18,0,18
SSC50018,0,0,0,0,0,3,0,3
SSC50019,0,3,24,23,29,79,0,79
SSC50020,0,0,8,6,12,17,0,17
SSC50021,0,0,0,0,0,0,0,0
SSC50022,82,809,1011,378,201,2483,54,2532
SSC50023,0,3,8,8,7,21,0,22
SSC50024,54,470,700,207,86,1520,40,1558
SSC50025,4,23,84,42,30,180,0,180
SSC50026,575,2179,1508,476,260,4995,214,5215
SSC50027,0,3,3,11,3,15,0,15
SSC50028,0,0,0,3,0,4,0,4
SSC50029,0,3,6,0,3,17,0,17
SSC50030,0,3,12,5,11,36,4,39
SSC50031,22,302,424,119,69,940,21,967
SSC50032,46,381,383,111,56,977,23,1007
SSC50033,0,0,0,0,0,0,0,0
SSC50034,56,201,184,50,30,514,17,532
SSC50035,53,633,956,340,187,2177,33,2212
SSC50036,28,657,1386,466,228,2766,42,2815
SSC50037,23,464,1059,253,87,1887,23,1914
SSC50038,22,222,237,63,22,571,35,602
SSC50039,103,1384,2212,757,314,4773,111,4884
SSC50040,48,870,1709,468,155,3250,52,3298
SSC50041,0,0,0,0,0,0,0,0
SSC50042,0,0,0,0,3,3,0,3
SSC50043,0,5,3,3,3,15,0,16
SSC50044,0,0,3,3,0,7,0,4
SSC50045,0,0,3,3,4,12,0,14
SSC50046,0,0,3,0,5,7,0,7
SSC50047,0,0,0,0,0,3,0,3
SSC50048,0,16,15,19,21,69,0,75
SSC50049,0,3,0,0,3,9,0,9
SSC50050,0,0,4,3,4,12,0,13
SSC50051,8,78,162,88,70,407,19,427
SSC50052,0,7,18,8,8,51,3,51
SSC50053,348,1621,1450,402,221,4040,143,4182
SSC50054,136,2777,4791,1390,650,9745,197,9946
SSC50055,360,1898,1565,441,164,4429,214,4646
SSC50056,6,82,86,37,19,224,10,236
SSC50057,0,5,3,0,4,11,0,11
SSC50058,0,0,0,0,0,0,0,0
SSC50059,0,8,5,10,5,28,0,28
SSC50060,0,0,0,0,0,0,0,0
SSC50061,172,1490,2388,1127,714,5892,128,6022
SSC50062,0,0,6,0,0,5,0,5
SSC50063,3,19,4,4,3,36,0,36
SSC50064,0,0,6,3,3,15,0,15
SSC50065,0,5,5,0,8,17,0,20
SSC50066,0,17,47,19,13,96,6,98
SSC50067,6,0,0,0,0,7,0,7
SSC50068,7,97,247,117,153,629,9,636
SSC50069,77,895,1404,416,143,2925,70,3001
SSC50070,0,0,0,0,0,0,0,0
SSC50071,0,3,5,8,5,18,0,25
SSC50072,0,3,0,0,3,8,0,8
SSC50073,0,0,4,3,3,4,0,9
SSC50074,0,0,4,0,3,7,0,7
SSC50075,3,28,106,63,75,271,12,280
SSC50076,0,0,0,0,0,0,0,0
SSC50077,0,3,40,22,28,94,5,95
SSC50078,300,1496,1458,457,227,3943,117,4064
SSC50079,25,331,525,228,111,1221,19,1238
SSC50080,0,0,0,0,0,0,0,0
SSC50081,22,227,552,222,103,1131,41,1174
SSC50082,32,326,466,145,61,1024,22,1050
SSC50083,384,2035,2220,589,231,5453,157,5612
SSC50084,92,241,174,41,20,574,40,612
SSC50085,0,15,24,8,15,57,0,58
SSC50086,159,716,699,207,96,1881,68,1953
SSC50087,0,0,0,0,0,0,0,0
SSC50088,0,5,3,6,8,25,0,25
SSC50089,0,0,3,4,8,11,0,11
SSC50090,113,896,978,348,210,2537,84,2622
SSC50091,100,706,808,234,108,1960,52,2016
SSC50092,3,91,321,219,215,851,9,858
SSC50093,144,949,1132,468,266,2962,106,3069
SSC50094,4,6,16,8,19,52,0,52
SSC50095,0,3,4,4,0,14,0,14
SSC50096,0,3,0,3,3,9,4,11
SSC50097,0,3,14,9,10,42,0,42
SSC50098,54,578,1169,368,207,2379,58,2440
SSC50099,0,0,0,0,5,5,0,5
SSC50100,0,3,10,12,11,35,7,43
SSC50101,0,10,31,13,11,60,6,67
SSC50102,46,435,587,230,106,1410,36,1447
SSC50103,0,18,21,20,22,81,3,88
SSC50104,38,203,208,93,39,576,20,601
SSC50105,190,909,881,271,177,2424,93,2524
SSC50106,0,29,34,4,20,89,4,92
SSC50107,0,6,19,18,18,68,3,72
SSC50108,0,0,0,0,0,7,0,8
SSC50109,0,8,13,11,11,51,0,50
SSC50110,15,260,624,322,161,1385,49,1433
SSC50111,541,1173,713,249,186,2872,190,3062
SSC50112,38,223,196,68,27,551,14,564
SSC50113,0,3,3,3,3,7,0,10
SSC50114,0,0,0,0,0,0,0,0
SSC50115,60,510,882,291,102,1847,34,1882
SSC50116,15,165,146,74,37,433,24,457
SSC50117,110,630,845,353,185,2117,63,2182
SSC50118,0,36,96,53,41,224,3,223
SSC50119,156,908,1040,316,145,2567,63,2626
SSC50120,0,3,0,0,0,0,0,4
SSC50121,3,31,26,10,11,82,3,88
SSC50122,0,0,0,0,3,3,0,4
SSC50123,11,110,178,68,32,407,21,424
SSC50124,0,0,0,0,0,0,0,0
SSC50125,0,6,5,3,4,21,3,20
SSC50126,6,80,173,91,46,399,22,419
SSC50127,0,0,0,0,0,0,0,0
SSC50128,0,0,0,0,0,0,0,0
SSC50129,6,123,192,70,37,430,22,452
SSC50130,0,4,5,7,3,20,0,25
SSC50131,0,3,13,3,4,23,0,23
SSC50132,29,195,184,61,31,498,17,515
SSC50133,0,7,4,8,9,24,3,23
SSC50134,0,9,7,6,3,21,0,21
SSC50135,0,0,0,3,3,12,0,12
SSC50136,0,6,3,9,5,21,0,21
SSC50137,20,110,164,68,41,396,15,419
SSC50138,0,0,3,0,6,12,0,12
SSC50139,0,0,4,3,3,14,0,14
SSC50140,0,19,23,13,9,57,5,67
SSC50141,0,0,5,6,0,7,0,12
SSC50142,0,8,14,27,21,67,0,70
SSC50143,0,5,11,13,12,39,0,42
SSC50144,0,0,3,0,0,3,0,3
SSC50145,0,0,18,15,3,40,0,40
SSC50146,0,8,3,0,0,16,0,12
SSC50147,0,0,0,0,0,0,0,0
SSC50148,118,639,847,238,126,1975,51,2026
SSC50149,0,0,0,0,3,6,0,6
SSC50150,0,0,0,0,0,0,0,0
SSC50151,0,12,16,12,8,54,0,54
SSC50152,0,0,3,5,6,16,0,16
SSC50153,0,0,3,0,5,9,0,9
SSC50154,0,0,0,0,0,0,0,0
SSC50155,0,5,9,9,4,21,0,26
SSC50156,0,0,8,3,3,12,0,12
SSC50157,0,4,17,11,10,34,4,36
SSC50158,0,3,13,0,8,27,0,29
SSC50159,108,537,576,240,131,1595,59,1647
SSC50160,0,6,8,3,4,17,0,17
SSC50161,7,96,138,54,33,324,13,343
SSC50162,0,24,54,40,15,141,3,144
SSC50163,0,6,10,5,3,31,0,34
SSC50164,0,7,14,9,6,28,3,32
SSC50165,0,5,6,9,11,41,0,41
SSC50166,0,0,3,3,8,16,0,14
SSC50167,0,3,9,10,3,29,0,29
SSC50168,4,57,111,41,29,243,3,246
SSC50169,7,85,177,84,62,416,19,431
SSC50170,0,3,0,4,0,7,0,8
SSC50171,0,0,0,0,7,12,0,13
SSC50172,16,104,120,55,43,340,17,358
SSC50173,11,291,624,145,49,1113,11,1123
SSC50174,0,7,9,5,8,26,0,26
SSC50175,0,3,6,3,5,16,3,23
SSC50176,0,3,7,0,3,11,0,11
SSC50177,3,40,59,31,13,144,4,145
SSC50178,70,300,282,65,42,763,27,788
SSC50179,0,0,0,0,0,0,0,0
SSC50180,44,403,449,140,76,1108,40,1150
SSC50181,0,21,97,72,55,246,3,255
SSC50182,0,3,5,5,0,14,0,11
SSC50183,46,526,585,192,73,1420,42,1463
SSC50184,0,22,83,60,41,205,3,209
SSC50185,39,114,111,28,11,308,33,337
SSC50186,0,0,0,0,3,3,0,3
SSC50187,53,309,330,136,64,880,46,929
SSC50188,0,21,27,18,18,83,4,86
SSC50189,20,91,87,33,41,271,16,283
SSC50190,187,436,379,123,65,1188,70,1256
SSC50191,0,0,16,11,13,37,0,38
SSC50192,5,14,34,12,8,78,7,86
SSC50193,0,4,15,7,17,46,4,51
SSC50194,0,0,0,0,0,0,0,0
SSC50195,0,18,24,7,8,55,4,66
SSC50196,27,90,97,45,18,275,12,285
SSC50197,14,113,149,69,50,391,18,414
SSC50198,0,0,0,6,3,7,0,7
SSC50199,0,3,3,3,3,12,0,12
SSC50200,40,206,330,174,90,842,48,890
SSC50201,106,881,1098,418,191,2685,64,2753
SSC50202,0,3,0,0,3,7,0,7
SSC50203,0,4,5,12,10,28,0,33
SSC50204,0,12,15,8,0,46,3,50
SSC50205,0,10,3,0,0,14,0,14
SSC50206,0,0,0,0,0,0,0,0
SSC50207,18,281,611,328,324,1561,56,1616
SSC50208,0,0,0,0,0,0,0,0
SSC50209,0,0,3,3,9,14,3,15
SSC50210,97,593,560,147,43,1435,51,1486
SSC50211,0,0,0,0,3,3,0,3
SSC50212,0,0,3,3,4,9,0,13
SSC50213,0,0,7,4,4,14,0,17
SSC50214,0,3,8,3,3,20,0,20
SSC50215,0,0,3,4,3,11,0,11
SSC50216,0,0,0,0,0,0,0,0
SSC50217,0,36,116,62,37,246,8,252
SSC50218,0,0,0,0,0,3,0,3
SSC50219,0,4,3,3,8,16,3,17
SSC50220,0,4,0,0,0,3,0,3
SSC50221,3,144,522,226,110,1007,22,1022
SSC50222,0,15,36,18,10,87,0,86
SSC50223,0,5,12,7,3,29,3,34
SSC50224,0,0,3,0,0,4,0,4
SSC50225,0,0,0,0,0,0,0,0
SSC50226,58,404,327,80,27,899,29,926
SSC50227,81,383,204,78,38,785,40,824
SSC50228,161,1551,1726,448,179,4074,119,4193
SSC50229,62,1042,2269,805,441,4624,91,4716
SSC50230,100,589,650,246,91,1677,92,1769
SSC50231,0,3,11,4,5,28,0,26
SSC50232,0,0,0,0,0,0,0,0
SSC50233,0,22,30,16,16,76,6,86
SSC50234,101,349,223,69,24,762,44,810
SSC50235,0,0,7,4,5,13,0,13
SSC50236,0,0,0,0,0,3,0,3
SSC50237,67,45,26,7,5,147,7,151
SSC50238,0,0,3,0,0,3,0,3
SSC50239,73,541,565,247,116,1535,48,1586
SSC50240,0,0,3,3,0,5,0,5
SSC50241,0,0,0,0,0,0,0,0
SSC50242,3,3,0,3,10,18,0,17
SSC50243,0,0,3,0,0,6,0,6
SSC50244,110,2088,4512,1821,1060,9595,158,9755
SSC50245,183,810,715,211,100,2024,87,2111
SSC50246,0,0,0,0,0,0,0,0
SSC50247,7,72,79,29,15,203,12,214
SSC50248,0,3,0,0,0,5,0,5
SSC50249,0,7,0,0,0,7,0,9
SSC50250,18,248,341,156,102,862,30,894
SSC50251,0,13,29,15,8,60,0,60
SSC50252,0,0,0,0,0,3,0,6
SSC50253,0,0,3,0,0,7,0,10
SSC50254,0,13,43,24,38,118,5,122
SSC50255,0,0,0,0,3,7,0,6
SSC50256,0,0,0,0,0,0,0,0
SSC50257,0,10,19,10,4,43,0,39
SSC50258,0,12,11,13,11,44,0,46
SSC50259,0,32,96,77,104,317,3,319
SSC50260,190,856,666,216,93,2013,91,2107
SSC50261,24,460,1136,359,195,2184,24,2208
SSC50262,203,962,906,271,94,2439,108,2554
SSC50263,0,4,16,7,8,33,0,33
SSC50264,0,32,79,45,47,198,3,200
SSC50265,3,42,63,23,25,155,8,162
SSC50266,10,29,22,6,8,71,0,71
SSC50267,0,0,0,0,0,0,0,0
SSC50268,27,416,1040,398,264,2147,38,2187
SSC50269,0,0,3,8,9,19,0,19
SSC50270,0,0,3,3,6,17,0,17
SSC50271,0,3,18,5,11,38,0,38
SSC50272,39,371,608,209,99,1320,61,1379
SSC50273,3,25,54,68,86,234,6,245
SSC50274,0,0,3,3,0,9,0,9
SSC50275,0,12,22,13,16,65,4,68
SSC50276,33,438,848,273,130,1721,42,1760
SSC50277,31,170,69,17,5,297,23,318
SSC50278,5,54,79,37,15,193,12,206
SSC50279,3,14,24,12,15,64,0,65
SSC50280,22,101,170,54,51,401,7,402
SSC50281,0,0,0,0,3,5,0,5
SSC50282,0,0,3,3,7,17,0,17
SSC50283,0,8,22,5,12,45,0,45
SSC50284,0,9,13,5,12,40,0,36
SSC50285,0,3,4,4,9,16,0,20
SSC50286,0,4,6,5,12,20,0,20
SSC50287,0,3,0,0,0,8,0,8
SSC50288,0,0,0,0,0,3,0,3
SSC50289,14,104,228,129,136,615,17,628
SSC50290,4,56,104,72,62,298,15,310
SSC50291,0,5,5,3,5,17,0,17
SSC50292,23,371,537,164,74,1163,26,1185
SSC50293,78,449,984,391,259,2165,55,2221
SSC50294,0,26,53,26,18,129,0,129
SSC50295,212,1333,1159,308,142,3148,83,3230
SSC50296,170,1576,1806,546,245,4341,114,4457
SSC50297,0,0,0,0,3,5,0,5
SSC50298,0,7,0,0,0,6,0,6
SSC50299,0,0,0,0,0,0,0,0
SSC50300,208,997,995,298,187,2685,173,2856
SSC50301,0,0,3,6,6,16,0,17
SSC50302,0,0,0,0,0,0,0,0
SSC50303,52,302,154,23,16,557,10,569
SSC50304,0,0,0,0,0,0,0,0
SSC50305,0,0,7,3,9,22,0,22
SSC50306,0,3,7,6,6,31,0,32
SSC50307,0,0,4,0,3,7,0,11
SSC50308,3,108,208,60,30,411,7,420
SSC50309,167,854,1006,421,272,2717,113,2831
SSC50310,0,0,10,10,3,19,0,20
SSC50311,3,66,112,36,17,235,6,240
SSC50312,0,22,28,19,9,78,0,84
SSC50313,0,0,11,0,3,13,0,15
SSC50314,0,3,4,4,0,11,0,11
SSC50315,390,2689,2222,495,204,5995,139,6137
SSC50316,0,14,44,12,12,81,0,83
SSC50317,22,292,531,247,139,1232,22,1254
SSC50318,0,0,0,3,5,10,0,10
SSC50319,113,602,469,169,90,1445,74,1524
SSC50320,37,411,663,269,193,1566,48,1615
SSC50321,0,34,65,37,40,174,7,182
SSC50322,0,0,0,0,0,0,0,3
SSC50323,188,884,709,227,98,2100,102,2204
SSC50324,20,127,226,95,67,534,14,541
SSC50325,0,0,0,0,0,4,0,4
SSC50326,27,95,100,40,30,293,25,320
SSC50327,0,0,0,0,0,0,0,0
SSC50328,148,907,854,304,147,2363,108,2465
SSC50329,3,24,44,33,28,130,0,137
SSC50330,0,7,17,5,13,44,0,44
SSC50331,0,0,7,7,7,20,3,28
SSC50332,0,11,16,8,11,42,3,45
SSC50333,4,49,110,48,35,252,8,262
SSC50334,3,19,28,20,11,74,5,81
SSC50335,0,0,0,0,0,0,0,0
SSC50336,0,0,8,0,6,12,0,12
SSC50337,9,17,11,0,0,33,0,40
SSC50338,0,0,0,0,0,0,0,0
SSC50339,24,113,99,43,31,314,13,323
SSC50340,7,6,4,0,0,25,0,25
SSC50341,0,0,0,0,0,0,0,0
SSC50342,82,882,1154,389,153,2658,59,2718
SSC50343,0,5,6,4,0,19,0,19
SSC50344,0,0,0,3,3,11,0,11
SSC50345,0,0,6,0,6,15,0,15
SSC50346,6,143,276,109,48,579,17,602
SSC50347,0,0,0,0,3,8,0,8
SSC50348,0,0,3,0,8,10,0,10
SSC50349,72,747,954,313,128,2211,46,2254
SSC50350,0,5,8,0,8,23,0,23
SSC50351,11,47,60,32,29,173,5,181
SSC50352,213,525,266,48,14,1070,34,1103
SSC50353,0,3,29,17,14,65,0,65
SSC50354,0,8,30,26,15,71,7,71
SSC50355,0,17,18,8,4,47,4,50
SSC50356,0,41,71,27,25,160,6,168
SSC50357,0,3,4,0,4,7,0,7
SSC50358,3,23,19,6,0,61,3,64
SSC50359,0,0,3,3,3,10,0,8
SSC50360,0,0,0,0,0,0,0,0
SSC50361,0,3,3,5,0,13,0,15
SSC50362,0,0,0,0,0,0,0,5
SSC50363,14,94,121,36,40,306,13,318
SSC50364,0,3,6,4,5,17,0,17
SSC50365,0,0,0,3,3,9,0,9
SSC50366,56,624,985,376,219,2271,32,2303
SSC50367,0,5,23,16,10,55,0,51
SSC50368,0,0,3,0,3,7,0,10
SSC50369,0,0,0,0,0,0,0,0
SSC50370,31,245,207,64,21,565,11,577
SSC50371,3,10,23,22,20,79,4,78
SSC50372,0,5,7,10,0,17,0,17
SSC50373,16,223,657,262,165,1325,25,1353
SSC50374,9,72,128,38,28,268,14,282
SSC50375,64,771,1325,425,188,2781,51,2831
SSC50376,0,7,12,4,12,42,0,39
SSC50377,3,50,150,71,48,324,10,330
SSC50378,0,0,0,0,0,0,0,0
SSC50379,121,89,27,13,3,256,45,297
SSC50380,0,0,3,0,0,3,0,3
SSC50381,0,26,55,32,16,126,7,129
SSC50382,0,0,4,3,0,12,4,14
SSC50383,16,389,1031,392,174,2002,31,2035
SSC50384,0,0,0,3,3,9,0,9
SSC50385,3,44,79,33,20,181,4,182
SSC50386,0,32,70,57,53,218,3,216
SSC50387,3,40,68,26,24,157,11,165
SSC50388,0,49,130,105,99,376,9,384
SSC50389,11,268,584,253,145,1261,21,1283
SSC50390,0,6,6,4,0,16,0,16
SSC50391,0,0,0,0,0,4,0,3
SSC50392,0,0,0,0,4,15,0,15
SSC50393,0,0,3,3,3,6,0,6
SSC50394,0,0,3,0,0,5,0,5
SSC50395,24,616,920,299,128,1980,45,2032
SSC50396,18,259,472,118,50,922,24,949
SSC50397,0,7,0,0,0,9,4,7
SSC50398,4,32,52,17,15,123,0,122
SSC50399,3,36,102,72,53,263,7,267
SSC50400,0,3,12,9,4,21,0,21
SSC50401,0,8,15,6,3,31,3,31
SSC50402,16,128,96,33,19,300,10,310
SSC50403,54,421,382,102,43,999,23,1022
SSC50404,149,365,344,99,47,1005,67,1073
SSC50405,0,0,3,3,0,6,0,6
SSC50406,0,3,3,3,0,10,3,13
SSC50407,0,0,0,3,3,12,0,12
SSC50408,536,3148,3301,1083,632,8701,266,8966
SSC50409,0,0,0,0,3,8,0,8
SSC50410,0,13,21,20,14,66,0,66
SSC50411,0,11,13,11,9,48,3,50
SSC50412,0,0,0,0,0,0,0,0
SSC50413,0,3,4,5,9,18,0,18
SSC50414,37,222,406,152,60,880,42,924
SSC50415,28,175,200,78,35,518,21,538
SSC50416,0,0,7,0,3,8,0,8
SSC50417,0,0,0,0,0,0,0,0
SSC50418,33,325,388,151,91,987,26,1013
SSC50419,0,4,5,3,4,15,0,13
SSC50420,0,5,7,5,10,25,0,25
SSC50421,0,0,0,0,0,0,0,0
SSC50422,176,1046,1385,368,157,3130,94,3221
SSC50423,3,66,66,37,10,186,0,181
SSC50424,0,0,4,3,0,13,0,11
SSC50425,3,98,249,91,33,473,13,486
SSC50426,0,0,0,0,0,0,0,0
SSC50427,0,0,3,0,0,10,3,9
SSC50428,0,0,4,0,4,6,0,6
SSC50429,0,7,7,6,7,26,0,28
SSC50430,128,963,936,269,128,2417,86,2506
SSC50431,0,3,4,3,6,9,0,9
SSC50432,0,3,3,4,3,16,0,16
SSC50433,0,0,3,3,0,8,0,8
SSC50434,0,9,27,21,17,78,4,81
SSC50435,0,6,9,18,9,45,0,46
SSC50436,4,40,28,22,15,119,3,125
SSC50437,107,1237,2497,795,457,5093,93,5186
SSC50438,0,0,0,0,0,0,0,0
SSC50439,0,0,0,0,3,3,0,3
SSC50440,29,556,877,214,72,1750,44,1793
SSC50441,11,20,9,8,0,41,6,47
SSC50442,0,0,13,5,5,29,0,28
SSC50443,0,0,0,0,0,3,0,3
SSC50444,0,0,3,0,0,6,0,6
SSC50445,3,52,81,38,20,194,4,202
SSC50446,0,10,14,4,0,30,3,30
SSC50447,0,0,4,3,0,8,0,8
SSC50448,0,0,6,0,7,21,0,21
SSC50449,0,3,12,13,5,32,3,37
SSC50450,0,0,3,3,7,13,0,14
SSC50451,124,627,585,157,80,1569,65,1636
SSC50452,58,527,704,253,147,1698,45,1743
SSC50453,8,81,104,55,34,284,18,301
SSC50454,0,3,3,4,3,15,0,14
SSC50455,0,0,0,0,0,3,0,4
SSC50456,121,861,1145,361,163,2650,60,2712
SSC50457,0,0,0,0,0,5,0,5
SSC50458,0,3,7,0,4,15,3,16
SSC50459,0,3,0,0,0,3,0,3
SSC50460,0,0,0,0,0,0,0,0
SSC50461,0,4,6,0,0,13,0,18
SSC50462,0,0,0,3,0,6,0,6
SSC50463,809,2485,922,128,54,4392,133,4525
SSC50464,0,12,26,15,25,74,3,82
SSC50465,0,0,0,0,3,10,0,10
SSC50466,18,88,22,0,0,141,11,151
SSC50467,280,1498,1457,329,150,3709,107,3819
SSC50468,0,3,0,4,0,13,0,15
SSC50469,0,3,5,0,0,12,3,13
SSC50470,0,5,19,9,12,45,0,45
SSC50471,90,970,1185,449,221,2917,89,3008
SSC50472,67,447,493,176,82,1266,25,1290
SSC50473,44,464,717,244,131,1593,28,1623
SSC50474,0,3,3,4,11,18,0,18
SSC50475,7,192,258,66,29,553,19,566
SSC50476,4,26,8,0,0,33,3,39
SSC50477,0,0,6,0,0,8,0,8
SSC50478,0,0,3,0,0,4,0,4
SSC50479,0,7,10,7,10,39,5,44
SSC50480,0,13,47,30,33,121,7,128
SSC50481,178,2195,3249,974,423,7021,165,7186
SSC50482,0,0,3,3,0,5,0,6
SSC50483,71,414,425,124,65,1099,42,1140
SSC50484,0,0,0,0,0,3,0,6
SSC50485,3,40,44,14,0,96,0,100
SSC50486,3,19,27,3,9,58,3,57
SSC50487,0,0,0,0,0,0,0,0
SSC50488,0,0,0,3,0,8,0,8
SSC50489,0,0,0,3,3,3,0,3
SSC50490,110,954,614,159,89,1931,94,2018
SSC50491,116,364,264,70,28,834,54,890
SSC50492,0,0,0,0,0,0,0,0
SSC50493,0,0,5,0,3,8,12,18
SSC50494,0,0,0,0,0,0,0,0
SSC50495,0,0,3,3,5,13,0,13
SSC50496,18,244,299,148,92,804,68,873
SSC50497,0,3,0,0,3,10,3,10
SSC50498,0,3,6,3,3,14,0,14
SSC50499,71,727,774,276,129,1972,60,2034
SSC50500,0,9,30,25,12,79,0,82
SSC50501,88,586,624,217,120,1634,38,1669
SSC50502,0,0,0,0,0,0,0,0
SSC50503,0,0,0,0,0,0,0,0
SSC50504,0,0,0,0,0,0,0,0
SSC50505,0,0,0,0,0,0,0,0
SSC50506,109,107,55,21,14,302,27,332
SSC50507,0,0,0,0,0,0,0,0
SSC50508,47,665,1154,420,218,2503,36,2532
SSC50509,0,0,0,0,0,0,0,0
SSC50510,0,19,38,28,13,99,0,100
SSC50511,0,0,9,3,5,18,0,18
SSC50512,0,0,0,0,0,0,0,0
SSC50513,0,3,5,3,0,9,0,9
SSC50514,0,0,0,0,0,0,0,0
SSC50515,9,67,128,76,72,353,6,366
SSC50516,181,1469,1740,708,434,4533,139,4674
SSC50517,6,5,0,0,0,13,0,13
SSC50518,0,29,36,20,27,112,10,120
SSC50519,0,3,0,0,0,3,3,3
SSC50520,414,1515,1009,228,86,3258,126,3380
SSC50521,31,186,129,54,48,448,23,469
SSC50522,0,0,0,0,0,6,0,6
SSC50523,0,45,91,64,43,241,9,253
SSC50524,0,0,5,5,8,25,0,21
SSC50525,0,5,13,7,13,39,0,42
SSC50526,0,8,6,0,3,18,4,20
SSC50527,0,0,0,0,0,0,0,0
SSC50528,0,8,6,0,4,23,5,24
SSC50529,18,12,0,0,0,32,3,32
SSC50530,0,0,0,0,3,3,0,3
SSC50531,9,87,276,171,136,680,21,703
SSC50532,43,419,517,159,69,1207,38,1251
SSC50533,0,3,12,4,6,26,0,30
SSC50534,130,513,380,91,30,1151,50,1201
SSC50535,0,0,0,0,0,0,0,0
SSC50536,8,12,0,0,0,23,0,21
SSC50537,0,25,30,25,27,107,10,113
SSC50538,27,10,0,0,3,43,5,50
SSC50539,7,10,0,0,0,26,3,22
SSC50540,12,111,290,210,251,861,20,883
SSC50541,0,3,12,3,8,29,3,27
SSC50542,0,0,3,0,0,3,0,3
SSC50543,0,3,5,3,9,17,0,17
SSC50544,0,0,0,0,0,0,0,0
SSC50545,0,0,0,0,0,0,0,0
SSC50546,8,73,132,50,30,286,7,298
SSC50547,0,3,7,0,0,11,0,11
SSC50548,231,1131,969,407,199,2925,107,3036
SSC50549,6,77,112,71,44,313,14,327
SSC50550,10,188,413,201,141,959,12,965
SSC50551,31,280,435,158,62,967,40,1003
SSC50552,0,0,8,3,3,19,0,19
SSC50553,0,4,3,3,3,11,0,11
SSC50554,142,564,234,35,19,999,38,1038
SSC50555,4,78,144,58,30,312,5,322
SSC50556,0,9,8,12,8,37,0,41
SSC50557,0,8,12,7,3,33,0,28
SSC50558,0,0,12,0,5,15,0,15
SSC50559,16,76,93,80,115,378,13,388
SSC50560,0,34,76,24,10,141,4,148
SSC50561,0,0,3,0,0,5,0,5
SSC50562,11,71,78,22,16,197,7,209
SSC50563,0,0,8,0,4,13,0,9
SSC50564,26,347,519,195,113,1199,33,1231
SSC50565,0,31,49,10,4,92,0,92
SSC50566,0,0,3,8,5,14,0,14
SSC50567,9,79,78,30,14,214,10,228
SSC50568,0,0,0,0,3,8,0,8
SSC50569,12,235,527,237,165,1178,18,1200
SSC50570,0,3,0,3,4,15,0,15
SSC50571,0,0,0,0,0,0,0,0
SSC50572,531,2673,2378,879,506,6973,254,7229
SSC50573,4,18,42,11,3,81,7,84
SSC50574,0,0,0,0,3,3,3,9
SSC50575,0,3,15,11,7,32,0,39
SSC50576,0,18,19,12,8,60,0,62
SSC50577,0,44,48,22,7,119,6,125
SSC50578,0,3,9,3,6,21,0,21
SSC50579,0,0,3,5,6,19,0,18
SSC50580,11,62,59,24,5,155,5,164
SSC50581,226,1634,1156,439,243,3683,159,3849
SSC50582,0,3,6,3,3,19,0,21
SSC50583,23,258,361,162,118,924,21,946
SSC50584,0,15,38,24,27,102,0,108
SSC50585,84,991,1628,534,240,3485,64,3548
SSC50586,0,0,0,0,5,8,0,8
SSC50587,0,10,13,3,0,33,0,32
SSC50588,0,0,3,0,0,4,0,4
SSC50589,26,11,3,3,0,46,0,47
SSC50590,0,0,0,0,0,0,0,0
SSC50591,0,26,26,4,0,63,0,69
SSC50592,43,235,235,61,30,607,10,616
SSC50593,0,0,0,0,0,0,0,0
SSC50594,0,7,6,0,3,12,0,14
SSC50595,0,0,11,0,4,19,0,19
SSC50596,0,5,20,8,3,34,0,34
SSC50597,31,380,800,201,83,1498,24,1529
SSC50598,0,0,11,3,3,19,0,19
SSC50599,0,4,4,3,3,16,0,16
SSC50600,126,113,62,18,13,338,20,367
SSC50601,100,1528,2064,660,346,4699,120,4817
SSC50602,3,10,24,30,19,82,3,91
SSC50603,0,3,5,7,0,17,0,17
SSC50604,0,4,3,0,0,9,0,16
SSC50605,50,561,828,248,147,1830,46,1876
SSC50606,0,0,0,0,0,0,0,0
SSC50607,358,1567,1445,411,187,3974,164,4136
SSC50608,19,427,835,184,86,1558,30,1588
SSC50609,20,191,357,149,64,779,15,795
SSC50610,0,6,11,7,4,38,0,38
SSC50611,28,718,1505,435,195,2893,56,2946
SSC50612,0,4,9,6,3,17,0,17
SSC50613,60,351,421,188,122,1142,62,1202
SSC50614,0,0,5,0,4,18,0,18
SSC50615,0,0,0,0,0,0,0,0
SSC50616,0,26,56,24,18,114,7,125
SSC50617,0,72,113,33,19,238,4,242
SSC50618,21,128,103,54,41,334,22,357
SSC50619,0,3,6,3,5,29,0,26
SSC50620,66,753,1072,370,174,2441,62,2497
SSC50621,25,295,526,225,206,1286,22,1311
SSC50622,0,3,0,0,0,6,0,6
SSC50623,8,127,343,140,130,749,22,772
SSC50624,0,3,22,10,9,49,0,51
SSC50625,0,0,0,0,0,0,0,0
SSC50626,16,94,155,115,130,506,20,525
SSC50627,3,20,51,42,29,144,5,148
SSC50628,0,7,10,4,9,34,0,34
SSC50629,0,3,8,10,15,35,0,38
SSC50630,0,0,0,0,0,0,0,0
SSC50631,108,1317,1680,741,380,4224,119,4338
SSC50632,0,26,36,19,22,94,5,101
SSC50633,132,548,253,49,19,1004,40,1040
SSC50634,3,128,260,69,44,502,7,515
SSC50635,0,6,10,7,10,39,0,39
SSC50636,56,760,1739,658,401,3613,52,3671
SSC50637,28,227,259,83,57,661,18,680
SSC50638,0,6,7,7,3,23,0,23
SSC50639,115,573,528,163,58,1446,58,1509
SSC50640,0,0,4,3,4,12,3,12
SSC50641,0,3,7,4,6,22,0,25
SSC50642,0,4,3,3,3,15,0,20
SSC50643,34,470,962,315,158,1930,32,1965
SSC50644,0,11,22,5,12,44,5,47
SSC50645,0,0,3,0,5,6,0,6
SSC50646,0,0,0,0,0,0,0,0
SSC50647,0,0,4,0,4,7,0,9
SSC50648,0,4,8,3,3,17,0,17
SSC50649,0,5,0,3,3,10,0,10
SSC50650,0,4,0,3,4,14,0,14
SSC50651,0,14,30,26,25,98,5,100
SSC50652,15,122,114,43,20,313,21,332
SSC50653,0,19,22,11,4,62,3,65
SSC50654,0,0,0,0,0,0,0,0
SSC50655,0,31,77,63,51,224,4,227
SSC50656,0,9,16,8,12,43,3,49
SSC50657,0,3,8,4,3,19,0,19
SSC50658,0,3,3,0,4,9,0,9
SSC50659,57,771,1180,480,281,2767,65,2838
SSC50660,3,32,48,17,22,128,13,137
SSC50661,0,4,0,0,0,10,0,10
SSC50662,21,256,761,357,230,1618,21,1647
SSC50663,0,0,0,0,0,0,0,0
SSC50664,0,0,3,0,0,8,0,8
SSC50665,0,0,4,0,3,10,0,6
SSC50666,198,889,839,197,86,2203,73,2275
SSC50667,0,3,3,3,4,12,0,10
SSC50668,233,1462,1366,325,89,3478,114,3593
SSC50669,0,0,0,0,0,3,0,3
SSC50670,0,8,8,5,3,28,0,28
SSC50671,0,4,9,10,6,30,0,31
SSC50672,0,0,0,0,0,0,0,0
SSC50673,0,5,12,0,3,21,0,25
SSC50674,0,0,10,7,10,24,0,24
SSC50675,0,0,5,6,3,18,0,18
SSC50676,0,11,27,11,3,58,0,55
SSC50677,0,0,0,0,3,10,0,10
SSC50678,3,14,28,31,32,104,7,104
SSC50679,5,141,398,154,128,827,19,842
SSC50680,18,214,499,245,143,1118,14,1136
SSC50681,3,17,30,11,7,71,4,74
SSC50682,0,78,147,100,68,391,15,408
SSC50683,0,3,3,0,0,11,3,9
SSC50684,0,3,27,12,15,54,3,62
SSC50685,0,3,7,3,7,19,0,19
SSC50686,0,0,3,9,10,18,0,24
SSC50687,0,4,12,3,6,30,0,31
SSC50688,9,29,39,22,10,105,12,116
SSC50689,0,0,3,0,4,11,0,11
SSC50690,0,0,4,3,4,15,0,15
SSC50691,8,199,386,114,67,772,13,786
SSC50692,0,3,3,3,3,19,0,23
SSC50693,0,0,16,3,20,38,0,44
SSC50694,0,0,5,3,6,13,0,14
SSC50695,83,353,165,30,12,643,23,667
SSC50696,214,1241,1160,381,205,3198,103,3296
SSC50697,180,973,760,131,64,2115,62,2173
SSC50698,0,37,52,32,20,136,9,146
SSC50699,0,0,0,0,0,0,0,0
SSC50700,21,220,274,101,47,663,32,697
SSC50701,0,0,0,3,8,14,0,13
SSC50702,110,773,992,439,295,2609,67,2680
SSC50703,0,14,23,7,6,56,6,63
SSC50704,39,252,213,69,31,599,24,622
SSC50705,0,0,0,0,0,0,0,0
SSC50706,3,47,87,59,34,232,5,237
SSC50707,101,484,463,181,91,1327,52,1379
SSC50708,0,3,11,9,5,26,0,26
SSC50709,57,436,779,308,188,1773,38,1809
SSC50710,0,5,11,9,7,30,0,30
SSC50711,39,25,8,9,0,80,0,81
SSC50712,10,62,91,45,19,222,9,236
SSC50713,19,184,233,97,55,594,16,608
SSC50714,0,33,70,30,23,155,0,156
SSC50715,0,0,0,0,0,0,0,3
SSC50716,0,22,32,12,19,82,4,86
SSC50717,5,8,7,0,3,20,0,17
SSC50718,55,176,205,66,46,540,23,568
SSC50719,110,924,1249,538,302,3129,73,3199
SSC50720,0,8,5,0,0,11,3,12
SSC50721,0,5,13,8,13,36,0,41
SSC50722,0,10,26,11,3,53,0,50
SSC50723,0,0,5,0,4,11,0,9
SSC50724,27,54,55,14,13,160,15,173
SSC50725,3,97,174,94,71,431,12,441
SSC50726,0,13,39,31,38,131,0,131
SSC50727,0,0,0,0,0,0,0,0
SSC50728,0,5,19,10,15,53,3,58
SSC50729,0,0,0,0,0,0,0,0
SSC50730,0,7,9,3,9,26,0,26
SSC50731,3,11,3,0,0,16,0,16
SSC50732,7,20,8,3,8,45,4,54
SSC50733,0,25,42,16,14,95,4,105
SSC50734,133,813,1487,438,226,3100,75,3178
SSC50735,0,0,0,0,0,0,0,0
SSC50736,82,392,430,189,83,1171,74,1242
SSC50737,0,0,6,8,3,16,0,16
SSC50738,0,6,13,8,5,35,0,35
SSC50739,3,34,68,16,4,129,3,127
SSC50740,0,0,8,4,3,10,0,15
SSC50741,27,115,109,44,44,334,24,362
SSC50742,222,1356,1380,476,312,3748,135,3883
SSC50743,0,105,159,75,48,393,14,407
SSC50744,0,0,4,3,4,11,0,11
SSC50745,0,0,0,0,0,0,0,0
SSC50746,70,492,655,181,88,1492,36,1530
SSC50747,0,12,13,11,3,43,3,41
SSC50748,70,591,676,288,223,1848,61,1913
SSC50749,0,0,0,0,0,0,0,0
SSC50750,165,952,890,274,143,2425,86,2514
SSC50751,0,21,29,14,27,94,3,99
SSC50752,19,193,245,99,64,616,18,635
SSC50753,0,0,0,0,0,0,0,0
SSC50754,16,18,3,7,3,48,12,57
SSC50755,4,26,33,19,21,99,3,100
SSC50756,0,3,7,0,0,8,0,10
SSC50757,5,52,39,13,18,132,10,134
SSC50758,152,1296,1946,743,378,4520,109,4622
SSC50759,0,0,0,0,0,0,0,3
SSC50760,41,554,988,397,220,2193,31,2219
SSC50761,0,0,0,0,0,3,0,3
SSC50762,3,20,26,14,8,79,0,79
SSC50763,0,0,6,0,4,7,0,7
SSC50764,0,3,6,3,0,13,0,13
SSC50765,28,137,173,60,66,466,21,492
SSC50766,0,0,10,3,12,30,0,30
SSC50767,15,41,31,22,26,130,3,135
SSC50768,0,0,9,0,3,16,0,16
SSC50769,0,3,16,9,7,32,0,27
SSC50770,0,0,9,3,8,14,0,17
SSC50771,3,3,0,3,0,11,0,11
SSC50772,0,0,3,0,0,6,0,6
SSC50773,0,0,0,0,0,0,0,0
SSC50774,0,6,7,9,5,22,0,22
SSC50775,96,400,398,205,107,1204,53,1257
SSC50776,37,131,125,50,33,373,13,390
SSC50777,6,40,47,8,6,109,4,115
SSC50778,0,3,9,0,3,16,0,18
SSC50779,0,8,23,5,9,49,7,53
SSC50780,0,0,9,3,5,15,0,14
SSC50781,0,18,36,20,15,88,3,85
SSC50782,0,8,13,6,6,35,4,39
SSC50783,0,0,7,3,5,18,0,18
SSC50784,0,8,9,0,0,21,0,21
SSC50785,0,8,9,3,19,39,0,37
SSC50786,5,47,60,23,10,144,12,153
SSC50787,0,0,14,3,14,33,0,33
SSC50788,0,0,3,0,0,9,0,9
SSC50789,0,0,0,0,0,4,3,7
SSC50790,0,0,0,3,6,13,0,13
SSC50791,0,9,9,3,0,25,0,24
SSC50792,160,545,574,196,134,1620,85,1708
SSC50793,0,0,0,0,0,0,0,0
SSC50794,0,0,6,0,3,7,0,12
SSC50795,0,0,3,0,4,3,0,3
SSC50796,0,0,7,0,0,7,0,7
SSC50797,0,0,0,0,0,3,0,3
SSC50798,8,46,27,6,0,88,6,92
SSC50799,0,0,4,4,4,9,0,9
SSC50800,70,59,21,10,0,161,4,163
SSC50801,12,17,7,3,3,46,13,59
SSC50802,0,0,0,0,0,0,0,0
SSC50803,0,3,3,3,3,12,0,12
SSC50804,0,0,3,4,0,5,0,5
SSC50805,0,0,3,3,5,12,0,12
SSC50806,3,0,0,0,0,3,0,3
SSC50807,0,41,58,43,48,186,9,197
SSC50808,3,0,0,0,0,3,0,3
SSC50809,0,0,0,0,0,0,0,0
SSC50810,16,70,65,25,16,196,11,208
SSC50811,0,0,3,0,0,7,0,9
SSC50812,0,0,0,0,0,3,0,3
SSC50813,0,8,9,5,11,34,0,33
SSC50814,0,0,3,0,0,10,0,10
SSC50815,0,0,3,0,3,6,0,6
SSC50816,0,0,4,3,0,5,0,5
SSC50817,0,6,5,3,5,25,0,25
SSC50818,0,0,0,0,0,0,0,0
SSC50819,20,548,706,210,75,1552,37,1586
SSC50820,7,194,306,112,56,676,17,696
SSC50821,18,89,98,45,17,273,15,287
SSC50822,35,685,1774,702,403,3594,66,3657
SSC50823,5,40,37,8,8,100,6,105
SSC50824,97,657,675,259,126,1823,74,1893
SSC50825,0,9,6,6,7,22,0,24
SSC50826,66,428,456,172,86,1212,33,1250
SSC50827,25,49,41,10,3,132,6,141
SSC50828,0,0,0,0,0,0,0,0
SSC50829,41,341,396,141,64,983,36,1016
SSC50830,0,28,26,16,7,79,5,87
SSC50831,89,611,441,104,38,1290,33,1323
SSC50832,5,37,58,24,9,132,3,136
SSC50833,71,829,1646,714,376,3643,57,3699
SSC50834,0,0,0,0,0,0,0,0
SSC50835,7,61,38,6,0,116,3,122
SSC50836,0,10,22,12,17,61,3,61
SSC50837,26,74,49,10,16,177,10,186
SSC50838,4,121,414,222,187,946,21,966
SSC50839,0,0,0,0,0,0,0,0
SSC50840,54,607,1113,528,414,2724,52,2779
SSC50841,0,0,4,3,0,11,0,11
SSC50842,0,0,3,0,3,6,0,6
SSC50843,0,3,11,7,6,24,0,24
SSC50844,13,132,231,83,75,529,11,542
SSC50845,0,0,3,3,0,3,0,8
SSC50846,0,0,0,0,0,0,0,0
SSC50847,0,0,0,3,0,7,0,7
SSC50848,117,473,378,144,71,1184,69,1255
SSC50849,51,190,130,58,30,456,29,484
SSC50850,0,3,0,0,0,4,0,4
SSC50851,0,0,0,0,0,0,0,0
SSC50852,0,0,0,3,7,13,0,13
SSC50853,0,6,21,10,7,46,0,46
SSC50854,0,58,249,139,155,605,13,619
SSC50855,0,3,0,0,3,8,0,8
SSC50856,7,159,275,118,77,624,18,643
SSC50857,0,10,27,15,9,50,0,57
SSC50858,0,9,15,6,7,33,3,37
SSC50859,0,3,7,4,13,26,0,26
SSC50860,0,0,3,0,0,4,0,4
SSC50861,0,4,3,0,0,6,0,5
SSC50862,55,451,463,171,67,1209,34,1247
SSC50863,0,14,0,4,3,17,3,23
SSC50864,256,1369,1280,493,339,3734,119,3856
SSC50865,40,556,943,306,143,1988,35,2025
SSC50866,12,204,419,168,78,885,16,900
SSC50867,0,0,0,0,0,3,3,4
SSC50868,0,0,0,0,0,0,0,0
SSC50869,0,0,0,0,4,8,0,12
SSC50870,4,43,111,59,55,274,7,278
SSC50871,18,132,124,29,21,313,12,326
SSC50872,29,337,596,278,270,1510,44,1554
SSC50873,0,0,0,0,0,0,0,0
SSC50874,0,0,3,0,4,16,0,16
SSC50875,0,0,0,0,0,0,0,0
SSC50876,0,3,5,0,0,11,0,11
SSC50877,0,0,3,3,5,8,0,8
SSC50878,0,0,0,0,0,0,0,0
SSC50879,0,0,3,3,0,11,0,11
SSC50880,0,0,4,3,4,15,0,21
SSC50881,448,1816,877,217,90,3444,176,3614
SSC50882,117,503,612,225,110,1572,71,1643
SSC50883,0,0,9,0,4,13,0,13
SSC50884,72,442,639,191,74,1416,40,1453
SSC50885,0,10,19,7,16,54,0,55
SSC50886,139,907,1279,636,339,3303,114,3416
SSC50887,0,0,13,8,3,24,0,24
SSC50888,3,19,37,16,26,100,3,103
SSC50889,15,50,26,10,12,111,26,135
SSC50890,0,3,4,6,4,16,0,16
SSC50891,3,17,49,30,58,155,3,154
SSC50892,0,0,5,0,0,8,0,8
SSC50893,72,876,1139,373,138,2591,75,2661
SSC50894,5,22,72,67,84,243,5,253
SSC50895,16,167,370,151,86,787,11,799
SSC50896,0,0,0,0,0,0,0,0
SSC50897,0,0,0,3,0,3,0,6
SSC50898,0,0,3,3,5,18,0,18
SSC50899,0,0,0,0,0,0,0,0
SSC50900,0,0,0,0,0,3,0,3
SSC50901,25,128,187,79,97,517,24,540
SSC50902,3,16,8,8,0,35,3,32
SSC50903,5,24,23,12,8,68,4,75
SSC50904,0,0,0,0,0,0,0,0
SSC50905,0,0,0,0,3,9,0,9
SSC50906,0,10,29,17,13,69,0,68
SSC50907,610,2690,1658,395,146,5491,153,5645
SSC50908,0,3,4,10,8,27,0,27
SSC50909,0,3,3,0,0,7,0,11
SSC50910,21,295,503,218,111,1143,28,1172
SSC50911,0,0,0,0,0,0,0,0
SSC50912,100,948,1162,354,174,2738,70,2803
SSC50913,0,23,31,15,17,84,3,91
SSC50914,0,3,0,0,0,3,3,6
SSC50915,82,412,273,92,46,907,49,947
SSC50916,26,65,44,23,3,162,11,172
SSC50917,0,0,3,0,0,5,0,5
SSC50918,0,4,26,14,10,63,3,63
SSC50919,0,0,4,3,3,14,0,14
SSC50920,0,13,25,20,3,56,7,60
SSC50921,0,0,0,0,0,0,0,0
SSC50922,77,655,955,246,132,2066,49,2112
SSC50923,99,385,318,98,62,961,41,1003
SSC50924,4,14,12,3,3,38,5,41
SSC50925,0,4,6,0,4,8,0,9
SSC50926,0,3,7,3,4,21,0,21
SSC50927,0,0,9,3,6,16,0,16
SSC50928,83,308,388,144,71,993,49,1043
SSC50929,128,819,635,199,91,1875,65,1940
SSC50930,0,5,3,3,0,12,0,17
SSC50931,0,12,19,15,14,64,0,70
SSC50932,0,0,3,3,0,9,0,9
SSC50933,0,0,5,0,0,8,0,8
SSC50934,41,340,347,139,104,967,37,1005
SSC50935,4,22,21,19,17,87,4,87
SSC50936,12,109,122,23,19,281,6,289
SSC50937,350,1139,630,140,37,2303,112,2413
SSC50938,49,236,157,58,28,533,41,572
SSC50939,4,5,11,13,9,47,3,49
SSC50940,28,177,269,96,49,617,19,634
SSC50941,3,136,399,147,43,734,12,744
SSC50942,0,7,31,18,16,81,3,87
SSC50943,4,18,49,45,47,161,4,168
SSC50944,0,0,0,0,5,7,3,7
SSC50945,0,6,0,0,0,5,0,5
SSC50946,0,0,0,0,3,7,0,7
SSC50947,3,72,128,54,46,304,14,316
SSC50948,0,0,0,0,4,0,0,0
SSC50949,0,3,8,9,3,23,0,23
SSC50950,29,534,1054,496,257,2372,28,2401
SSC50951,0,0,5,0,0,6,0,6
SSC50952,0,0,3,0,5,14,0,15
SSC50953,5,38,45,16,16,117,3,120
SSC50954,0,3,7,3,9,20,0,20
SSC50955,0,0,0,0,0,0,4,4
SSC50956,0,0,0,3,5,13,0,13
SSC50957,0,3,3,3,4,17,0,13
SSC50958,0,18,10,7,7,42,5,50
SSC50959,56,278,251,67,39,693,26,718
SSC50960,178,725,789,375,243,2310,126,2433
SSC50961,0,3,0,0,0,3,0,6
SSC50962,0,4,8,0,9,20,0,20
SSC50963,0,6,10,4,3,31,0,30
SSC50964,0,0,5,4,7,21,0,21
SSC50965,0,21,25,21,17,76,0,80
SSC50966,0,3,9,3,4,21,0,21
SSC50967,0,0,0,0,3,9,0,9
SSC50968,0,16,28,10,3,51,3,52
SSC50969,0,0,4,0,0,7,0,7
SSC50970,0,15,46,31,33,126,5,135
SSC50971,0,3,10,10,0,18,3,23
SSC50972,0,0,4,3,5,9,0,9
SSC50973,3,12,17,13,14,59,0,59
SSC50974,0,0,4,3,3,12,0,12
SSC50975,0,3,0,7,4,15,0,15
SSC50976,0,0,5,4,3,12,0,12
SSC50977,0,17,21,14,31,83,6,87
SSC50978,45,202,195,93,86,612,31,642
SSC50979,0,0,0,0,0,0,0,0
SSC50980,0,0,3,0,0,5,0,4
SSC50981,0,0,11,0,7,22,0,25
SSC50982,0,46,100,62,69,274,13,291
SSC50983,7,82,62,13,10,179,10,193
SSC50984,0,0,5,0,0,11,0,13
SSC50985,0,0,3,3,3,12,0,12
SSC50986,4,41,120,58,62,286,5,290
SSC50987,30,105,82,23,14,251,19,272
SSC50988,395,2614,3079,1036,547,7673,238,7915
SSC50989,0,6,0,4,6,13,0,13
SSC50990,263,1170,1236,367,175,3211,92,3312
SSC50991,0,6,6,3,9,18,0,16
SSC50992,0,0,4,0,0,4,0,9
SSC50993,0,0,0,0,0,0,0,0
SSC50994,53,302,338,160,116,962,50,1006
SSC50995,0,0,3,0,3,4,0,4
SSC50996,3,13,6,3,0,24,0,24
SSC50997,0,0,0,0,0,4,0,4
SSC50998,72,509,703,208,111,1600,41,1639
SSC50999,27,99,91,19,6,246,10,255
SSC51000,0,10,19,6,3,33,0,35
SSC51001,0,0,0,0,0,0,0,0
SSC51002,0,0,3,0,3,10,0,11
SSC51003,0,17,30,15,11,71,5,76
SSC51004,56,22,11,4,0,93,5,97
SSC51005,134,943,1198,274,126,2680,56,2733
SSC51006,10,210,402,231,207,1057,26,1082
SSC51007,0,3,5,3,3,10,0,14
SSC51008,0,0,0,0,0,0,0,0
SSC51009,0,0,0,0,7,5,0,5
SSC51010,0,0,0,0,0,0,0,0
SSC51011,334,1707,1485,421,186,4133,104,4231
SSC51012,0,0,0,0,0,0,0,0
SSC51013,0,0,8,3,4,14,0,14
SSC51014,19,46,46,12,11,131,9,139
SSC51015,36,176,162,41,22,438,9,452
SSC51016,14,249,434,186,147,1034,29,1061
SSC51017,0,0,0,0,0,0,0,0
SSC51018,0,0,0,0,0,0,0,0
SSC51019,0,0,0,0,0,0,0,0
SSC51020,63,820,1037,366,194,2477,41,2514
SSC51021,40,246,289,98,86,754,28,782
SSC51022,0,0,0,0,0,0,0,0
SSC51023,0,0,0,0,0,0,0,0
SSC51024,0,3,4,3,8,14,0,14
SSC51025,0,0,3,0,3,10,0,10
SSC51026,15,344,499,188,77,1120,29,1146
SSC51027,0,0,9,3,5,19,3,22
SSC51028,0,0,0,0,0,0,0,0
SSC51029,0,0,0,0,0,0,0,0
SSC51030,0,55,84,85,85,303,9,316
SSC51031,0,4,24,7,17,44,4,48
SSC51032,32,20,12,0,0,69,13,83
SSC51033,0,0,0,0,6,4,0,11
SSC51034,3,43,50,22,19,134,10,139
SSC51035,0,0,0,0,0,0,0,0
SSC51036,0,0,0,0,3,8,3,8
SSC51037,36,436,894,375,203,1945,32,1985
SSC51038,0,13,28,12,4,54,0,54
SSC51039,20,51,41,17,11,149,4,150
SSC51040,7,20,37,18,11,99,5,102
SSC51041,0,20,30,14,7,64,0,64
SSC51042,0,0,13,5,7,26,0,26
SSC51043,0,3,5,6,5,24,0,20
SSC51044,0,0,0,0,0,0,0,3
SSC51045,58,289,419,198,150,1116,40,1151
SSC51046,4,66,153,87,83,389,6,404
SSC51047,0,0,0,0,0,4,4,6
SSC51048,0,4,3,4,3,11,0,11
SSC51049,0,10,12,5,11,40,3,47
SSC51050,49,365,658,268,158,1494,35,1524
SSC51051,0,0,3,4,3,16,0,16
SSC51052,0,6,16,18,7,43,0,43
SSC51053,0,9,6,3,4,16,0,16
SSC51054,63,374,315,152,92,989,29,1014
SSC51055,0,0,3,4,5,7,0,7
SSC51056,0,0,0,0,0,3,0,3
SSC51057,3,26,44,20,20,111,5,113
SSC51058,0,0,0,0,0,0,0,0
SSC51059,95,267,298,71,35,756,26,785
SSC51060,0,20,47,46,43,152,7,159
SSC51061,0,13,18,9,7,51,0,51
SSC51062,0,0,4,0,3,10,0,10
SSC51063,0,3,0,0,0,5,0,5
SSC51064,0,0,4,3,0,5,0,4
SSC51065,0,3,5,0,3,12,0,14
SSC51066,0,18,36,24,20,100,3,102
SSC51067,0,3,0,0,0,11,3,12
SSC51068,0,0,6,4,0,14,0,14
SSC51069,0,6,0,0,0,3,3,8
SSC51070,0,0,0,0,0,0,0,0
SSC51071,0,0,5,5,9,22,4,24
SSC51072,0,0,5,0,3,8,0,8
SSC51073,11,104,141,57,24,344,10,351
SSC51074,0,3,16,6,7,32,3,33
SSC51075,0,3,0,0,3,8,0,8
SSC51076,0,9,41,24,22,100,0,103
SSC51077,0,0,3,0,0,3,0,3
SSC51078,9,66,56,29,11,170,9,179
SSC51079,0,3,12,9,8,26,0,23
SSC51080,0,0,9,5,9,23,0,26
SSC51081,0,3,3,5,0,12,0,12
SSC51082,3,25,56,36,53,169,3,172
SSC51083,105,575,503,173,112,1461,87,1545
SSC51084,0,3,12,7,15,37,0,37
SSC51085,0,3,12,3,4,21,0,21
SSC51086,0,0,0,0,0,5,0,4
SSC51087,0,0,0,0,0,0,0,0
SSC51088,155,1075,1577,484,199,3489,71,3557
SSC51089,0,0,13,11,13,34,0,37
SSC51090,0,0,3,0,5,4,0,5
SSC51091,3,0,8,11,7,24,0,24
SSC51092,0,12,17,13,21,63,5,66
SSC51093,0,0,0,4,0,4,0,4
SSC51094,0,6,15,7,7,34,0,38
SSC51095,0,0,0,0,0,0,0,0
SSC51096,0,0,0,0,0,0,0,3
SSC51097,3,5,10,7,0,26,0,26
SSC51098,0,0,8,0,3,8,0,8
SSC51099,8,20,19,13,7,64,4,67
SSC51100,0,14,13,10,7,52,0,51
SSC51101,95,417,514,161,83,1266,55,1322
SSC51102,82,53,15,3,0,161,40,202
SSC51103,41,302,630,251,116,1336,54,1392
SSC51104,0,22,50,20,9,97,0,101
SSC51105,0,0,7,9,4,14,0,14
SSC51106,0,3,0,0,0,6,0,8
SSC51107,0,0,3,0,5,6,0,7
SSC51108,0,4,9,3,4,26,0,25
SSC51109,0,3,10,6,5,29,0,25
SSC51110,0,0,11,5,4,20,0,18
SSC51111,0,0,0,0,5,8,0,8
SSC51112,342,1939,1663,353,166,4463,151,4618
SSC51113,0,0,8,0,3,13,0,13
SSC51114,88,805,1085,460,300,2741,70,2809
SSC51115,0,5,19,4,0,31,0,31
SSC51116,0,0,4,0,0,3,0,3
SSC51117,17,102,74,18,16,238,24,264
SSC51118,0,0,0,4,3,10,0,14
SSC51119,0,0,0,0,0,0,0,0
SSC51120,77,445,560,156,98,1339,29,1365
SSC51121,0,0,5,3,0,6,0,6
SSC51122,0,14,42,30,30,112,0,111
SSC51123,0,0,0,0,0,0,0,3
SSC51124,0,0,0,0,0,0,0,0
SSC51125,7,252,429,101,58,846,22,862
SSC51126,3,46,93,54,43,235,4,239
SSC51127,0,0,0,0,0,0,0,0
SSC51128,82,509,526,151,55,1318,42,1357
SSC51129,0,12,23,7,9,45,0,48
SSC51130,0,6,5,5,9,27,0,25
SSC51131,0,0,6,0,7,10,0,10
SSC51132,0,0,4,6,5,21,8,28
SSC51133,0,0,3,4,0,10,0,9
SSC51134,3,83,210,90,45,432,4,437
SSC51135,0,0,0,0,0,5,0,5
SSC51136,0,0,3,3,7,15,0,15
SSC51137,262,1220,1304,335,146,3266,95,3359
SSC51138,0,15,32,22,27,97,7,102
SSC51139,0,3,0,3,0,5,0,5
SSC51140,0,3,13,10,9,41,0,40
SSC51141,0,0,0,3,5,10,0,10
SSC51142,0,10,12,6,3,34,3,35
SSC51143,0,19,16,8,3,49,5,47
SSC51144,0,0,0,0,3,3,0,3
SSC51145,0,0,4,3,4,7,0,7
SSC51146,7,84,116,52,47,301,6,308
SSC51147,178,818,765,311,181,2262,101,2363
SSC51148,16,105,115,52,30,312,13,327
SSC51149,73,268,62,4,0,402,19,421
SSC51150,3,37,35,17,6,107,5,108
SSC51151,0,0,0,0,4,4,0,7
SSC51152,3,7,20,17,16,61,3,62
SSC51153,0,0,3,0,3,4,0,4
SSC51154,0,4,5,0,5,12,0,12
SSC51155,9,13,9,0,3,35,8,37
SSC51156,0,0,4,3,0,11,0,8
SSC51157,56,145,114,41,23,378,27,404
SSC51158,0,23,23,7,9,56,4,62
SSC51159,0,0,0,3,0,3,0,5
SSC51160,0,7,15,6,8,36,7,41
SSC51161,0,25,40,23,18,105,3,105
SSC51162,16,93,67,12,10,195,3,200
SSC51163,0,0,0,0,0,0,0,0
SSC51164,4,67,235,181,285,769,14,782
SSC51165,6,103,137,51,29,332,5,334
SSC51166,31,523,1139,481,354,2532,50,2578
SSC51167,0,0,10,0,3,18,0,21
SSC51168,0,9,6,0,7,25,0,25
SSC51169,0,16,26,29,41,108,4,113
SSC51170,0,17,12,5,6,36,3,46
SSC51171,25,102,102,30,18,283,20,303
SSC51172,0,0,0,0,0,0,0,0
SSC51173,0,0,0,0,0,3,0,3
SSC51174,46,309,237,99,53,748,31,779
SSC51175,16,76,78,39,63,269,21,292
SSC51176,0,0,4,0,0,5,0,3
SSC51177,0,0,9,0,6,13,0,15
SSC51178,7,12,4,0,4,33,0,33
SSC51179,124,621,595,177,111,1630,48,1678
SSC51180,180,991,521,101,43,1839,77,1921
SSC51181,0,6,22,16,3,43,0,43
SSC51182,75,875,1348,449,214,2963,68,3032
SSC51183,0,16,17,11,13,53,0,56
SSC51184,0,0,3,5,15,24,0,24
SSC51185,0,0,3,0,0,7,0,7
SSC51186,0,6,3,4,8,25,0,25
SSC51187,197,1183,1156,235,94,2873,76,2948
SSC51188,10,83,81,17,6,206,4,214
SSC51189,0,0,4,0,4,10,0,10
SSC51190,10,150,155,44,31,384,12,398
SSC51191,0,17,19,13,13,57,3,62
SSC51192,0,16,0,3,0,22,7,26
SSC51193,0,0,0,0,0,0,0,0
SSC51194,12,111,318,143,146,729,13,740
SSC51195,3,4,3,0,3,17,3,16
SSC51196,0,3,6,3,3,14,0,14
SSC51197,0,21,60,43,67,187,0,191
SSC51198,82,755,888,316,196,2236,48,2284
SSC51199,124,770,768,287,134,2076,63,2142
SSC51200,0,5,10,3,3,20,0,23
SSC51201,0,0,11,3,7,20,0,20
SSC51202,0,6,7,6,3,25,0,25
SSC51203,0,5,3,0,3,9,0,14
SSC51204,0,0,0,0,0,4,0,3
SSC51205,0,10,18,3,0,27,0,32
SSC51206,0,9,0,0,0,9,0,10
SSC51207,10,352,657,185,105,1310,21,1327
SSC51208,0,0,0,0,3,5,0,5
SSC51209,0,0,4,0,0,7,0,7
SSC51210,30,259,207,103,49,643,25,669
SSC51211,3,61,182,52,20,317,3,319
SSC51212,21,131,120,51,28,345,12,363
SSC51213,14,119,218,65,70,500,13,513
SSC51214,0,53,76,27,8,165,10,172
SSC51215,11,26,31,8,17,92,6,104
SSC51216,0,4,4,4,4,15,0,15
SSC51217,0,0,3,3,4,14,0,14
SSC51218,960,2423,856,130,36,4402,170,4571
SSC51219,0,0,0,0,0,0,0,0
SSC51220,0,6,25,14,15,60,0,61
SSC51221,0,3,0,0,0,6,0,6
SSC51222,17,660,1654,387,146,2865,38,2904
SSC51223,0,0,11,3,5,22,0,19
SSC51224,49,281,317,109,50,802,38,841
SSC51225,5,31,64,47,44,196,7,204
SSC51226,0,14,10,6,0,24,3,26
SSC51227,3,24,15,6,8,51,0,52
SSC51228,0,14,18,15,17,64,0,63
SSC51229,0,0,4,4,7,19,0,19
SSC51230,0,3,7,0,0,14,0,12
SSC51231,0,4,12,3,4,24,0,24
SSC51232,28,122,98,40,24,317,16,327
SSC51233,0,14,19,17,24,82,4,80
SSC51234,0,3,8,3,12,28,3,31
SSC51235,70,606,613,238,142,1665,64,1728
SSC51236,0,52,102,66,58,280,12,291
SSC51237,0,3,0,0,4,12,0,12
SSC51238,0,6,23,5,8,48,0,48
SSC51239,3,3,8,0,0,14,6,17
SSC51240,0,10,18,6,9,43,0,43
SSC51241,21,4,3,0,0,27,3,30
SSC51242,0,0,0,0,0,0,0,0
SSC51243,3,29,28,21,10,87,4,89
SSC51244,0,23,24,13,3,62,0,65
SSC51245,0,25,51,23,14,116,3,119
SSC51246,3,16,24,3,3,49,0,49
SSC51247,23,201,227,88,30,561,36,592
SSC51248,37,335,539,215,88,1210,61,1274
SSC51249,106,1168,1819,690,338,4129,117,4241
SSC51250,0,0,0,0,0,0,0,0
SSC51251,0,25,45,13,5,88,11,100
SSC51252,0,6,15,17,7,43,3,44
SSC51253,0,24,26,10,5,67,0,67
SSC51254,0,0,0,0,0,0,0,0
SSC51255,0,0,0,3,0,4,0,6
SSC51256,0,0,0,0,0,6,0,3
SSC51257,15,107,94,36,17,265,10,272
SSC51258,0,3,9,0,5,19,0,17
SSC51259,0,21,46,35,12,109,4,115
SSC51260,138,772,796,253,139,2105,74,2172
SSC51261,0,4,7,4,4,23,0,23
SSC51262,0,0,0,0,3,9,0,9
SSC51263,0,0,4,3,0,9,0,6
SSC51264,9,119,200,77,43,446,29,474
SSC51265,0,8,7,5,0,17,0,17
SSC51266,4,23,29,9,3,62,6,66
SSC51267,70,701,1189,519,269,2746,71,2812
SSC51268,4,18,31,12,4,72,4,77
SSC51269,84,242,185,71,24,613,41,653
SSC51270,7,41,69,27,37,178,3,181
SSC51271,13,314,284,116,60,786,29,815
SSC51272,0,4,0,3,0,4,0,4
SSC51273,0,0,4,3,3,14,0,17
SSC51274,0,3,3,9,8,26,0,26
SSC51275,0,0,3,3,4,9,0,14
SSC51276,124,588,680,194,75,1665,62,1730
SSC51277,0,8,15,9,0,30,0,34
SSC51278,0,24,14,23,11,66,7,74
SSC51279,0,0,11,4,3,16,0,16
SSC51280,0,0,0,0,0,0,0,0
SSC51281,0,0,0,0,3,5,0,10
SSC51282,3,6,27,23,16,73,4,76
SSC51283,0,0,0,0,0,0,0,0
SSC51284,0,0,0,0,0,0,0,0
SSC51285,39,513,631,178,79,1443,64,1508
SSC51286,0,7,10,7,6,39,0,40
SSC51287,66,611,844,270,118,1909,36,1949
SSC51288,363,1733,1320,338,155,3914,163,4080
SSC51289,0,41,92,42,36,218,3,222
SSC51290,561,2613,1814,590,254,5833,235,6072
SSC51291,8,6,3,7,3,25,4,30
SSC51292,0,0,0,0,0,0,0,0
SSC51293,4,9,8,6,3,33,3,40
SSC51294,68,45,43,27,7,183,24,211
SSC51295,6,48,46,30,29,157,10,161
SSC51296,0,33,98,60,58,246,8,254
SSC51297,31,434,948,458,385,2264,33,2295
SSC51298,0,14,27,15,16,76,0,77
SSC51299,0,9,18,17,14,59,5,68
SSC51300,0,0,0,0,0,5,0,4
SSC51301,65,303,427,185,99,1086,32,1115
SSC51302,0,0,0,0,0,0,0,0
SSC51303,20,3,0,0,0,23,15,37
SSC51304,0,4,8,6,6,23,3,24
SSC51305,0,4,31,7,12,51,0,51
SSC51306,0,0,3,3,4,11,0,11
SSC51307,0,4,8,4,7,22,0,26
SSC51308,114,910,1112,441,209,2786,92,2873
SSC51309,3,6,15,12,14,56,0,56
SSC51310,37,234,373,141,84,864,17,881
SSC51311,34,203,278,122,51,690,14,707
SSC51312,4,86,163,65,33,345,6,358
SSC51313,0,0,0,0,0,0,0,0
SSC51314,0,0,0,0,0,0,0,0
SSC51315,0,6,13,5,9,32,3,38
SSC51316,0,0,6,5,9,23,0,26
SSC51317,5,53,117,82,80,333,9,341
SSC51318,0,3,14,5,8,33,0,33
SSC51319,306,2623,2684,642,223,6474,162,6634
SSC51320,0,0,0,0,0,0,0,0
SSC51321,0,22,76,29,21,151,10,154
SSC51322,0,4,5,3,0,16,0,16
SSC51323,0,0,5,0,0,3,0,3
SSC51324,0,0,8,9,3,26,0,24
SSC51325,0,6,13,7,3,28,3,29
SSC51326,31,784,1721,635,300,3467,70,3543
SSC51327,0,13,22,12,14,61,0,65
SSC51328,6,151,256,163,175,748,24,777
SSC51329,68,844,1417,519,278,3125,110,3233
SSC51330,0,12,10,0,12,36,4,36
SSC51331,4,51,121,45,22,236,3,239
SSC51332,0,0,0,3,0,3,0,3
SSC51333,0,0,0,0,0,0,0,0
SSC51334,56,464,684,258,116,1588,30,1616
SSC51335,109,737,617,133,48,1640,40,1676
SSC51336,0,0,0,0,0,0,0,0
SSC51337,133,719,547,169,86,1647,64,1716
SSC51338,0,0,0,0,0,0,0,0
SSC51339,0,4,17,3,0,21,4,23
SSC51340,9,170,178,85,33,465,8,476
SSC51341,10,236,419,144,49,862,21,876
SSC51342,6,96,107,38,20,264,15,280
SSC51343,13,275,536,222,101,1150,29,1181
SSC51344,0,0,0,0,0,0,0,0
SSC51345,0,0,0,0,0,0,0,0
SSC51346,0,3,8,3,5,20,0,20
SSC51347,0,0,0,0,0,0,0,0
SSC51348,30,393,506,215,145,1289,45,1325
SSC51349,75,538,1173,475,276,2541,55,2593
SSC51350,0,0,0,3,0,3,0,3
SSC51351,17,152,146,69,35,412,28,442
SSC51352,222,1247,1278,368,154,3271,95,3365
SSC51353,0,0,5,4,0,7,0,7
SSC51354,31,121,118,44,19,336,20,358
SSC51355,0,0,0,0,6,8,0,8
SSC51356,0,0,3,0,9,16,0,16
SSC51357,90,496,448,113,55,1211,54,1262
SSC51358,0,0,3,0,3,5,0,5
SSC51359,0,10,17,7,7,40,0,39
SSC51360,31,337,562,176,73,1182,31,1208
SSC51361,149,765,1091,448,185,2644,138,2785
SSC51362,90,497,608,234,86,1520,64,1586
SSC51363,0,0,3,0,4,7,0,8
SSC51364,0,3,8,9,12,31,0,29
SSC51365,0,0,0,3,0,3,0,3
SSC51366,78,665,831,307,161,2043,55,2098
SSC51367,0,0,4,0,3,11,0,12
SSC51368,6,10,0,0,0,15,0,15
SSC51369,0,3,4,3,3,11,0,11
SSC51370,335,2164,1776,431,212,4920,114,5032
SSC51371,0,13,25,9,6,56,3,63
SSC51372,0,4,8,0,5,14,4,17
SSC51373,0,0,3,0,0,7,0,7
SSC51374,0,3,13,3,10,24,0,23
SSC51375,0,0,5,7,7,19,0,19
SSC51376,0,3,0,3,0,10,0,10
SSC51377,0,0,0,0,4,4,0,4
SSC51378,0,0,8,3,0,6,0,9
SSC51379,13,352,496,184,97,1133,30,1167
SSC51380,3,9,11,3,3,30,0,27
SSC51381,0,3,9,5,10,25,0,25
SSC51382,16,83,88,45,26,260,12,273
SSC51383,36,656,1550,550,271,3062,45,3104
SSC51384,89,260,243,79,44,715,42,755
SSC51385,261,1293,1372,486,252,3660,170,3838
SSC51386,106,540,455,126,57,1286,72,1360
SSC51387,0,15,12,9,0,33,0,34
SSC51388,0,7,28,21,15,78,4,80
SSC51389,0,0,3,0,0,5,0,5
SSC51390,155,83,25,3,4,268,4,278
SSC51391,137,671,607,207,80,1705,59,1760
SSC51392,0,5,8,4,3,21,0,20
SSC51393,0,5,52,40,48,140,3,143
SSC51394,100,850,1518,554,264,3281,68,3350
SSC51395,0,5,15,10,9,46,0,45
SSC51396,0,0,0,0,0,0,0,0
SSC51397,9,124,331,151,178,788,21,812
SSC51398,0,0,0,0,0,0,0,0
SSC51399,0,39,165,95,76,379,9,382
SSC51400,0,28,78,65,50,219,4,225
SSC51401,0,0,3,0,0,3,0,3
SSC51402,60,432,458,134,76,1163,34,1195
SSC51403,0,0,0,0,0,3,0,3
SSC51404,41,20,0,0,0,63,3,63
SSC51405,403,1828,1232,212,92,3771,87,3859
SSC51406,108,970,1506,480,208,3271,69,3342
SSC51407,0,4,9,6,3,27,0,27
SSC51408,22,170,230,80,31,529,15,545
SSC51409,187,917,1094,444,285,2936,87,3020
SSC51410,40,341,630,193,73,1280,30,1312
SSC51411,0,9,8,3,10,34,3,31
SSC51412,0,0,0,0,0,0,0,0
SSC51413,0,8,14,16,7,44,4,42
SSC51414,0,0,3,0,0,3,0,5
SSC51415,0,0,4,3,3,6,0,6
SSC51416,0,0,0,0,0,0,0,0
SSC51417,0,0,0,0,0,0,0,0
SSC51418,0,0,0,0,0,0,0,0
SSC51419,5,36,22,17,20,106,5,110
SSC51420,9,32,22,3,3,69,0,74
SSC51421,0,0,0,0,0,3,0,3
SSC51422,30,12,3,0,4,52,9,59
SSC51423,0,3,3,0,6,8,0,8
SSC51424,38,675,1431,497,228,2871,52,2924
SSC51425,6,156,229,64,27,483,10,489
SSC51426,0,0,3,7,3,9,0,9
SSC51427,0,4,4,0,6,14,0,14
SSC51428,0,5,10,7,6,29,0,29
SSC51429,27,16,7,3,0,49,0,50
SSC51430,0,0,7,3,5,15,0,15
SSC51431,3,19,33,17,16,85,3,89
SSC51432,0,4,4,3,7,21,0,18
SSC51433,0,3,3,3,7,12,0,12
SSC51434,0,0,0,0,0,0,0,0
SSC51435,5,287,719,302,210,1530,25,1557
SSC51436,0,0,13,3,6,21,3,30
SSC51437,307,2456,3071,1245,717,7793,218,8014
SSC51438,4,61,57,14,4,138,4,149
SSC51439,0,0,12,0,13,24,0,26
SSC51440,0,0,0,0,0,0,0,0
SSC51441,0,7,8,7,4,16,0,16
SSC51442,0,8,7,6,0,26,0,28
SSC51443,13,324,371,113,57,876,21,892
SSC51444,0,0,0,3,0,10,0,10
SSC51445,31,200,178,85,52,548,33,581
SSC51446,0,0,0,0,3,4,0,4
SSC51447,0,0,0,0,0,0,0,0
SSC51448,0,0,0,0,0,6,0,6
SSC51449,0,20,37,31,27,116,4,114
SSC51450,0,6,12,0,5,20,3,23
SSC51451,0,0,0,0,0,3,0,3
SSC51452,0,0,0,0,0,0,0,0
SSC51453,0,26,13,5,6,53,0,55
SSC51454,0,0,14,12,6,36,3,38
SSC51455,0,0,0,0,0,0,0,0
SSC51456,24,229,468,154,87,960,28,990
SSC51457,0,0,0,0,4,6,0,6
SSC51458,283,1556,970,221,83,3110,95,3209
SSC51459,0,0,0,0,0,0,0,0
SSC51460,0,3,13,3,3,24,0,24
SSC51461,28,284,411,174,100,998,34,1027
SSC51462,0,4,10,3,3,18,0,18
SSC51463,0,0,5,3,0,12,0,12
SSC51464,0,16,33,20,21,92,6,100
SSC51465,0,0,0,0,0,0,0,0
SSC51466,0,10,24,8,17,59,0,59
SSC51467,0,0,0,0,3,3,0,3
SSC51468,3,42,78,34,45,203,3,207
SSC51469,0,4,9,4,6,22,0,20
SSC51470,0,17,18,5,3,45,3,48
SSC51471,39,288,299,106,38,776,24,802
SSC51472,33,141,156,72,27,422,29,450
SSC51473,0,0,0,0,0,0,0,0
SSC51474,0,3,3,4,3,15,0,15
SSC51475,0,185,333,139,102,756,9,763
SSC51476,353,1687,1166,266,110,3582,122,3701
SSC51477,0,0,0,0,0,0,0,0
SSC51478,13,76,120,35,33,278,13,286
SSC51479,0,0,0,0,0,0,0,0
SSC51480,17,143,163,39,26,382,17,396
SSC51481,0,4,9,3,13,29,0,30
SSC51482,0,0,0,6,0,10,0,10
SSC51483,0,3,10,0,0,16,0,16
SSC51484,0,0,8,3,3,11,0,11
SSC51485,0,0,3,4,4,11,0,11
SSC51486,17,202,305,150,113,791,34,821
SSC51487,35,205,204,74,61,579,26,610
SSC51488,150,1291,1751,621,296,4109,116,4232
SSC51489,0,3,5,0,3,21,0,18
SSC51490,0,0,4,4,3,16,0,16
SSC51491,0,21,17,21,22,86,3,92
SSC51492,0,0,0,0,0,0,0,0
SSC51493,0,0,0,0,0,0,0,0
SSC51494,3,76,121,75,45,317,6,323
SSC51495,0,0,3,3,3,14,0,14
SSC51496,9,72,77,12,4,171,8,185
SSC51497,0,4,8,6,9,28,0,23
SSC51498,0,0,12,7,0,13,0,19
SSC51499,0,0,0,0,0,0,0,0
SSC51500,0,0,6,0,4,6,0,9
SSC51501,0,0,3,3,3,7,0,7
SSC51502,0,0,0,0,0,3,0,3
SSC51503,3,21,35,21,26,107,3,111
SSC51504,9,221,488,137,95,955,19,980
SSC51505,0,4,7,4,10,21,3,22
SSC51506,17,323,609,241,88,1281,31,1307
SSC51507,0,8,22,8,13,49,0,49
SSC51508,0,3,7,0,3,14,0,15
SSC51509,0,12,7,7,12,42,4,49
SSC51510,25,419,560,158,92,1263,21,1281
SSC51511,192,1304,1646,659,428,4232,129,4363
SSC51512,0,0,3,3,5,12,0,12
SSC51513,0,8,13,12,11,47,0,47
SSC51514,57,54,11,3,3,129,3,131
SSC51515,0,0,3,0,0,9,0,9
SSC51516,0,5,11,0,3,17,0,17
SSC51517,30,29,14,4,4,81,3,81
SSC51518,158,1178,1418,526,318,3591,112,3711
SSC51519,0,7,6,3,5,18,0,17
SSC51520,34,295,380,184,123,1011,48,1054
SSC51521,0,0,3,0,0,4,0,4
SSC51522,0,3,11,4,12,28,0,28
SSC51523,0,0,0,3,0,5,0,5
SSC51524,0,34,91,45,40,217,7,222
SSC51525,48,422,566,195,104,1342,31,1373
SSC51526,0,8,16,0,5,26,5,29
SSC51527,0,0,8,0,4,13,0,13
SSC51528,9,157,323,134,88,718,17,734
SSC51529,0,11,22,15,13,55,3,63
SSC51530,15,138,224,65,34,484,14,495
SSC51531,0,13,18,20,8,60,0,64
SSC51532,0,3,0,0,12,13,0,13
SSC51533,16,349,863,324,209,1761,31,1788
SSC51534,4,31,45,33,42,161,4,160
SSC51535,0,0,3,0,3,5,0,5
SSC51536,0,11,19,8,8,47,0,47
SSC51537,0,5,5,3,0,18,0,18
SSC51538,0,7,17,7,6,37,3,42
SSC51539,3,9,7,13,16,51,5,55
SSC51540,0,0,0,6,4,12,0,12
SSC51541,0,0,0,0,0,0,0,0
SSC51542,74,902,1309,412,214,2911,60,2966
SSC51543,0,8,8,3,0,25,0,25
SSC51544,0,0,0,0,0,6,0,6
SSC51545,0,5,13,9,12,35,0,35
SSC51546,0,11,7,8,8,26,0,26
SSC51547,0,0,0,0,0,0,0,0
SSC51548,279,1756,1567,394,165,4162,206,4371
SSC51549,55,592,1062,309,147,2160,26,2193
SSC51550,0,3,9,8,7,21,0,19
SSC51551,4,127,230,88,34,478,17,495
SSC51552,0,0,0,0,3,7,0,7
SSC51553,195,1296,1144,374,161,3174,132,3307
SSC51554,0,0,0,0,0,0,0,0
SSC51555,0,0,0,3,3,8,0,8
SSC51556,0,10,17,11,17,52,0,58
SSC51557,25,154,60,17,3,266,10,277
SSC51558,0,0,6,0,0,8,0,8
SSC51559,0,0,3,0,3,10,0,10
SSC51560,0,3,3,0,0,5,0,5
SSC51561,11,136,222,54,33,463,20,476
SSC51562,136,694,554,122,57,1561,25,1583
SSC51563,0,0,0,0,0,0,3,0
SSC51564,422,1456,534,70,25,2508,67,2575
SSC51565,3,5,11,11,4,38,3,37
SSC51566,0,13,49,34,23,114,0,121
SSC51567,0,3,3,3,5,15,3,23
SSC51568,5,5,6,3,8,25,0,25
SSC51569,9,37,50,40,49,185,4,185
SSC51570,0,43,59,38,28,178,9,181
SSC51571,0,6,8,3,12,27,0,31
SSC51572,192,987,837,193,95,2296,102,2405
SSC51573,0,7,26,3,13,47,4,54
SSC51574,0,0,8,0,5,10,3,14
SSC51575,0,3,0,0,0,3,0,3
SSC51576,0,20,45,15,19,106,0,102
SSC51577,116,426,414,129,46,1130,23,1155
SSC51578,0,28,57,28,20,133,8,140
SSC51579,0,0,4,0,0,3,0,3
SSC51580,0,0,0,0,0,0,0,0
SSC51581,0,0,3,8,3,9,0,13
SSC51582,0,0,0,0,0,3,0,3
SSC51583,0,0,0,0,0,0,0,0
SSC51584,7,37,52,29,24,150,9,155
SSC51585,22,176,317,93,54,655,22,679
SSC51586,0,3,4,0,0,5,0,5
SSC51587,0,0,4,5,6,15,0,15
SSC51588,0,0,0,0,0,3,0,3
SSC51589,0,4,7,4,5,16,0,23
SSC51590,0,0,0,0,4,4,0,4
SSC51591,0,0,6,0,0,4,0,6
SSC51592,0,0,4,0,5,12,0,14
SSC51593,172,706,676,169,82,1811,62,1873
SSC51594,10,12,7,0,0,36,3,33
SSC51595,136,1542,2608,970,513,5766,101,5872
SSC51596,0,14,24,9,8,49,0,47
SSC51597,13,70,131,61,56,322,15,341
SSC51598,8,20,22,4,4,59,6,63
SSC51599,5,31,63,33,44,179,9,187
SSC51600,130,750,868,283,155,2190,79,2270
SSC51601,20,35,25,3,5,86,5,95
SSC51602,0,8,27,11,8,49,3,53
SSC51603,0,4,13,15,10,40,0,42
SSC51604,0,4,0,4,0,8,0,15
SSC51605,0,4,25,17,11,55,0,59
SSC51606,21,318,914,399,217,1874,28,1900
SSC51607,0,23,38,21,6,89,7,95
SSC51608,145,541,318,104,46,1162,59,1224
SSC51609,0,0,0,0,0,0,6,8
SSC51610,0,0,4,0,0,4,0,4
SSC51611,0,0,3,0,0,4,0,4
SSC51612,0,21,23,17,10,77,3,77
SSC51613,0,0,9,4,7,15,0,15
SSC51614,0,3,3,0,8,12,0,12
SSC51615,15,119,140,60,25,357,13,373
SSC51616,0,0,8,0,3,8,0,8
SSC51617,0,11,21,12,5,47,0,53
SSC51618,52,271,216,75,26,641,32,671
SSC51619,0,20,26,13,3,65,11,69
SSC51620,44,164,162,65,16,449,12,457
SSC51621,117,494,621,183,111,1529,38,1568
SSC51622,0,0,0,0,0,0,0,0
SSC51623,3,41,78,47,39,205,8,216
SSC51624,83,722,1360,567,361,3096,44,3144
SSC51625,0,3,10,10,8,28,0,28
SSC51626,0,0,0,0,0,0,0,0
SSC51627,0,0,0,8,3,14,0,14
SSC51628,0,0,3,0,0,8,0,8
SSC51629,3,57,91,62,46,261,15,268
SSC51630,4,82,166,80,101,428,8,443
SSC51631,0,0,5,9,11,25,0,25
SSC51632,0,0,8,3,0,13,0,13
SSC51633,0,12,9,11,7,34,3,41
SSC51634,22,131,171,63,83,477,19,492
SSC51635,3,14,33,21,28,99,0,97
SSC51636,0,0,0,0,0,0,0,0
SSC51637,20,55,56,12,18,166,6,172
SSC51638,0,3,0,0,3,12,0,12
SSC51639,53,92,53,21,13,226,18,253
SSC51640,0,0,0,3,4,10,3,8
SSC51641,0,0,0,3,3,6,0,6
SSC51642,3,6,23,11,7,49,3,56
SSC51643,88,383,349,144,58,1020,60,1080
SSC51644,0,0,0,0,0,0,0,0
SSC51645,5,17,11,5,7,41,3,41
SSC51646,0,3,12,3,11,34,0,30
SSC51647,3,74,166,60,34,339,5,347
SSC51648,0,12,47,30,13,100,3,103
SSC51649,3,209,381,135,46,775,24,796
SSC51650,64,976,1217,412,151,2819,86,2910
SSC51651,0,0,3,3,3,11,0,11
SSC51652,0,0,0,0,0,0,3,3
SSC51653,87,663,1095,440,216,2501,59,2558
SSC51654,0,11,18,12,12,46,0,46
SSC51655,0,0,0,0,0,0,0,0
SSC51656,0,0,3,0,0,3,0,3
SSC51657,0,0,0,7,10,17,0,17
SSC51658,0,35,56,28,21,143,0,142
SSC51659,0,0,4,0,3,9,0,9
SSC51660,0,4,6,5,10,30,0,33
SSC51661,0,7,8,3,3,20,0,20
SSC51662,0,0,0,0,0,0,0,0
SSC51663,0,9,11,3,10,36,6,40
SSC51664,0,0,0,0,0,0,0,0
SSC51665,0,0,0,0,0,0,0,0
SSC51666,0,5,5,5,5,24,0,23
SSC51667,0,9,14,9,3,32,0,32
SSC51668,3,0,0,0,7,7,0,7
SSC51669,0,0,0,0,0,0,0,0
SSC51670,0,0,4,6,8,16,0,16
SSC51671,0,0,0,0,0,0,0,0
SSC51672,341,2119,1726,424,167,4772,120,4893
SSC51673,0,7,8,7,7,24,0,31
SSC51674,36,361,338,137,74,947,36,983
SSC51675,0,3,0,0,3,8,0,10
SSC51676,0,10,10,0,3,22,5,25
SSC51677,0,0,0,3,3,7,0,7
SSC51678,0,0,3,3,0,11,0,11
SSC51679,0,16,43,23,29,114,5,121
SSC51680,0,0,3,0,0,3,0,3
SSC51681,0,0,0,3,3,7,0,7
SSC51682,0,0,0,0,0,0,0,0
SSC51683,0,0,0,0,0,0,0,0
SSC59494,0,0,0,0,0,0,0,0
SSC59797,0,0,0,0,0,0,0,0
