SSC_CODE_2016,P_Tot_55_64,P_Tot_65_74,P_Tot_75_84,P_Tot_85ov,P_Tot_Tot
SSC50001,6,0,0,0,29
SSC50002,96,72,33,13,616
SSC50003,7,6,0,0,48
SSC50004,0,3,0,0,16
SSC50005,0,4,0,0,16
SSC50006,205,152,58,19,782
SSC50007,3,4,0,0,15
SSC50008,555,229,123,23,3136
SSC50009,0,0,0,0,6
SSC50010,225,143,74,31,1389
SSC50011,192,112,24,3,3179
SSC50012,3,0,0,0,10
SSC50013,63,30,3,4,280
SSC50014,5,4,0,0,38
SSC50015,0,0,0,0,6
SSC50016,31,22,0,0,205
SSC50017,13,3,3,0,40
SSC50018,0,0,0,0,0
SSC50019,21,20,4,0,104
SSC50020,3,4,3,0,34
SSC50021,0,0,0,0,0
SSC50022,743,537,293,156,4185
SSC50023,3,0,0,0,19
SSC50024,462,265,141,62,2378
SSC50025,65,43,7,3,287
SSC50026,771,612,414,165,5629
SSC50027,4,3,0,0,17
SSC50028,0,0,0,0,9
SSC50029,4,0,0,0,19
SSC50030,6,5,0,0,48
SSC50031,253,161,56,8,1403
SSC50032,128,104,105,18,1225
SSC50033,0,0,0,0,3
SSC50034,76,56,33,7,634
SSC50035,531,370,233,93,3407
SSC50036,344,186,57,12,4089
SSC50037,205,66,54,38,3021
SSC50038,151,163,85,44,714
SSC50039,921,598,243,70,6371
SSC50040,329,170,63,4,4505
SSC50041,0,0,0,0,3
SSC50042,0,0,0,0,5
SSC50043,4,0,0,0,22
SSC50044,3,0,0,0,8
SSC50045,0,0,0,0,15
SSC50046,0,0,0,0,6
SSC50047,0,0,3,0,12
SSC50048,14,11,0,0,81
SSC50049,0,0,0,0,6
SSC50050,0,5,5,0,34
SSC50051,112,80,16,3,503
SSC50052,3,0,6,0,60
SSC50053,527,418,332,183,5184
SSC50054,1249,747,285,45,14248
SSC50055,527,375,206,39,5738
SSC50056,97,73,26,5,313
SSC50057,3,0,0,0,14
SSC50058,0,0,0,0,0
SSC50059,10,7,3,0,40
SSC50060,0,0,0,0,5
SSC50061,1258,524,232,68,7450
SSC50062,3,3,0,0,14
SSC50063,8,3,6,0,23
SSC50064,11,3,0,0,23
SSC50065,3,0,0,0,19
SSC50066,30,11,8,0,149
SSC50067,10,0,0,0,112
SSC50068,160,78,22,5,1133
SSC50069,264,78,23,0,4160
SSC50070,0,0,0,0,0
SSC50071,14,0,0,0,86
SSC50072,0,0,0,0,7
SSC50073,0,0,0,0,5
SSC50074,5,3,0,0,11
SSC50075,54,36,21,3,342
SSC50076,158,23,0,0,1566
SSC50077,38,20,3,0,148
SSC50078,771,462,211,107,5310
SSC50079,348,254,104,31,2066
SSC50080,0,0,0,0,0
SSC50081,158,34,3,0,2147
SSC50082,219,146,79,11,1314
SSC50083,1105,555,323,258,7960
SSC50084,103,58,35,16,653
SSC50085,3,5,0,0,60
SSC50086,434,247,113,33,2619
SSC50087,0,0,0,0,0
SSC50088,3,0,0,0,27
SSC50089,3,0,0,0,20
SSC50090,357,262,120,37,3509
SSC50091,363,198,118,37,2824
SSC50092,247,156,53,8,1380
SSC50093,614,315,106,24,3671
SSC50094,10,6,3,0,59
SSC50095,8,4,0,0,29
SSC50096,3,3,0,0,18
SSC50097,16,5,3,0,64
SSC50098,327,159,54,7,3488
SSC50099,9,0,0,0,15
SSC50100,3,3,3,0,44
SSC50101,19,8,0,0,60
SSC50102,287,112,44,15,1855
SSC50103,37,20,6,0,131
SSC50104,127,59,21,6,696
SSC50105,359,237,130,51,3464
SSC50106,11,5,5,0,86
SSC50107,12,7,8,0,103
SSC50108,0,0,0,0,8
SSC50109,8,12,0,0,60
SSC50110,216,88,23,8,2066
SSC50111,290,312,321,463,4870
SSC50112,130,66,41,3,709
SSC50113,4,0,0,0,13
SSC50114,0,0,0,0,0
SSC50115,172,61,17,3,2580
SSC50116,120,92,67,14,526
SSC50117,523,265,168,81,2952
SSC50118,74,64,21,8,382
SSC50119,618,432,256,173,3702
SSC50120,0,0,0,0,3
SSC50121,36,23,11,0,110
SSC50122,0,0,0,0,6
SSC50123,63,20,9,0,753
SSC50124,0,0,0,0,0
SSC50125,3,0,0,0,23
SSC50126,93,86,44,4,474
SSC50127,0,0,0,0,0
SSC50128,0,0,0,0,0
SSC50129,101,76,12,4,597
SSC50130,5,3,0,0,35
SSC50131,3,9,0,0,27
SSC50132,112,77,89,64,704
SSC50133,8,6,0,0,20
SSC50134,5,3,0,0,27
SSC50135,4,0,0,0,18
SSC50136,0,5,0,3,20
SSC50137,79,33,22,3,492
SSC50138,0,0,0,0,4
SSC50139,0,0,0,0,9
SSC50140,11,5,0,0,43
SSC50141,0,0,0,0,5
SSC50142,19,6,3,0,86
SSC50143,13,0,0,0,92
SSC50144,0,0,0,0,0
SSC50145,15,6,4,0,50
SSC50146,0,3,0,0,14
SSC50147,3,3,0,0,8
SSC50148,459,347,224,128,3072
SSC50149,0,0,3,0,8
SSC50150,0,0,0,0,0
SSC50151,20,22,3,0,58
SSC50152,4,0,0,0,11
SSC50153,3,0,0,0,16
SSC50154,0,0,0,0,0
SSC50155,3,3,0,0,18
SSC50156,5,3,0,0,16
SSC50157,13,10,0,0,59
SSC50158,7,0,0,0,35
SSC50159,289,120,37,6,1901
SSC50160,6,3,0,0,12
SSC50161,103,90,31,3,409
SSC50162,46,26,12,0,223
SSC50163,8,6,0,0,36
SSC50164,5,0,0,0,27
SSC50165,12,8,0,0,44
SSC50166,3,3,0,0,23
SSC50167,0,0,0,0,36
SSC50168,52,59,21,6,364
SSC50169,138,62,13,6,558
SSC50170,0,0,0,0,15
SSC50171,0,0,0,0,10
SSC50172,76,61,33,15,365
SSC50173,65,18,9,0,1690
SSC50174,11,3,3,0,37
SSC50175,7,8,0,0,23
SSC50176,3,0,0,0,20
SSC50177,37,23,21,0,185
SSC50178,131,96,50,23,1101
SSC50179,0,3,0,0,3
SSC50180,317,283,94,33,1432
SSC50181,81,49,15,5,430
SSC50182,3,5,0,0,17
SSC50183,312,305,285,220,2138
SSC50184,51,6,4,0,321
SSC50185,68,43,19,6,515
SSC50186,0,0,0,0,14
SSC50187,111,60,24,3,1064
SSC50188,24,12,7,0,138
SSC50189,40,45,29,21,294
SSC50190,350,152,45,14,2111
SSC50191,6,4,0,0,54
SSC50192,29,8,9,3,117
SSC50193,19,8,0,0,68
SSC50194,0,0,0,0,0
SSC50195,23,11,5,0,72
SSC50196,46,40,15,3,277
SSC50197,74,56,27,8,439
SSC50198,4,4,0,0,14
SSC50199,7,3,0,0,18
SSC50200,155,52,3,0,1351
SSC50201,708,605,318,230,4265
SSC50202,0,0,0,0,3
SSC50203,4,0,0,0,28
SSC50204,4,14,0,0,56
SSC50205,4,0,0,0,9
SSC50206,0,0,0,0,3
SSC50207,392,219,70,17,2408
SSC50208,0,0,0,0,0
SSC50209,3,0,0,0,24
SSC50210,438,254,106,76,2135
SSC50211,0,0,0,0,7
SSC50212,0,0,0,0,6
SSC50213,10,3,0,0,40
SSC50214,6,0,0,0,21
SSC50215,0,0,0,0,9
SSC50216,0,0,0,0,0
SSC50217,40,32,14,3,345
SSC50218,0,0,0,0,3
SSC50219,21,16,0,0,468
SSC50220,0,0,0,0,0
SSC50221,254,68,14,3,1711
SSC50222,21,13,0,0,152
SSC50223,13,3,0,0,37
SSC50224,0,0,0,0,7
SSC50225,0,3,0,0,3
SSC50226,242,119,42,5,1541
SSC50227,139,132,97,30,840
SSC50228,400,271,99,15,5748
SSC50229,570,255,87,34,6349
SSC50230,424,157,40,5,2802
SSC50231,3,9,0,0,21
SSC50232,3,0,0,0,4
SSC50233,15,13,5,3,82
SSC50234,98,75,109,54,838
SSC50235,10,6,0,0,21
SSC50236,0,5,0,0,9
SSC50237,25,5,0,0,174
SSC50238,0,0,0,0,15
SSC50239,293,161,72,34,1703
SSC50240,3,0,0,0,11
SSC50241,0,0,0,0,10
SSC50242,3,3,0,0,23
SSC50243,0,0,0,0,5
SSC50244,1932,917,329,113,16102
SSC50245,247,149,64,21,3320
SSC50246,0,0,0,0,5
SSC50247,54,37,5,4,239
SSC50248,11,0,0,0,13
SSC50249,4,7,0,0,8
SSC50250,148,116,38,11,1000
SSC50251,12,6,3,0,66
SSC50252,5,0,0,0,43
SSC50253,3,0,0,0,8
SSC50254,26,26,3,0,192
SSC50255,0,0,0,0,6
SSC50256,0,0,0,0,0
SSC50257,8,7,3,0,56
SSC50258,11,7,8,0,35
SSC50259,52,41,12,0,481
SSC50260,342,220,96,58,2233
SSC50261,689,503,141,41,3483
SSC50262,352,258,136,85,3597
SSC50263,9,4,0,0,44
SSC50264,71,63,36,12,394
SSC50265,42,14,9,3,178
SSC50266,25,8,3,9,103
SSC50267,0,0,0,0,0
SSC50268,405,199,57,11,3255
SSC50269,0,0,0,0,16
SSC50270,7,0,0,0,20
SSC50271,10,0,0,0,50
SSC50272,225,197,77,20,1730
SSC50273,92,42,10,4,1299
SSC50274,0,0,0,0,32
SSC50275,18,11,4,0,73
SSC50276,235,114,53,9,2530
SSC50277,41,36,52,18,309
SSC50278,46,30,19,3,236
SSC50279,9,10,6,0,75
SSC50280,103,48,27,0,571
SSC50281,0,0,0,0,5
SSC50282,3,3,0,0,16
SSC50283,13,9,3,3,72
SSC50284,10,10,4,0,54
SSC50285,7,6,0,0,31
SSC50286,6,4,0,0,24
SSC50287,0,0,0,0,5
SSC50288,4,3,0,0,12
SSC50289,190,101,29,9,919
SSC50290,90,49,24,3,447
SSC50291,3,0,0,0,17
SSC50292,334,192,82,15,1936
SSC50293,702,423,368,157,3718
SSC50294,36,20,9,3,145
SSC50295,791,714,466,256,5127
SSC50296,595,280,95,14,6067
SSC50297,0,0,0,0,0
SSC50298,0,0,0,0,8
SSC50299,0,0,0,0,0
SSC50300,401,286,190,85,3913
SSC50301,0,0,0,0,20
SSC50302,0,0,0,0,0
SSC50303,64,26,10,4,728
SSC50304,3,0,0,0,13
SSC50305,5,0,0,0,15
SSC50306,16,4,0,0,41
SSC50307,0,0,0,0,6
SSC50308,108,61,24,5,919
SSC50309,506,372,180,66,3106
SSC50310,7,3,0,0,28
SSC50311,58,35,22,6,318
SSC50312,21,15,6,0,112
SSC50313,3,6,0,0,14
SSC50314,0,0,0,0,9
SSC50315,1156,701,390,257,8708
SSC50316,18,14,4,0,110
SSC50317,418,220,64,16,1897
SSC50318,0,0,0,0,4
SSC50319,281,254,179,64,1633
SSC50320,422,265,116,27,2263
SSC50321,35,22,5,3,205
SSC50322,0,0,0,0,3
SSC50323,298,215,118,28,2609
SSC50324,160,73,32,16,881
SSC50325,0,3,0,0,5
SSC50326,66,42,16,0,344
SSC50327,0,0,0,0,3
SSC50328,463,276,168,71,2831
SSC50329,19,14,5,5,173
SSC50330,8,6,0,0,51
SSC50331,4,3,0,0,28
SSC50332,11,6,5,0,61
SSC50333,92,83,29,0,368
SSC50334,7,16,3,0,65
SSC50335,0,0,0,0,3
SSC50336,12,3,0,0,29
SSC50337,13,4,3,0,129
SSC50338,3,0,0,0,7
SSC50339,59,34,22,13,334
SSC50340,3,3,0,0,20
SSC50341,0,0,0,0,0
SSC50342,916,586,247,120,4685
SSC50343,8,0,0,0,21
SSC50344,0,0,0,0,7
SSC50345,3,0,0,0,13
SSC50346,137,65,30,8,946
SSC50347,0,0,0,0,11
SSC50348,0,0,0,0,20
SSC50349,399,262,93,37,2993
SSC50350,4,4,0,0,24
SSC50351,36,20,14,0,185
SSC50352,128,164,115,38,2274
SSC50353,29,14,0,0,102
SSC50354,13,16,4,0,98
SSC50355,14,19,6,0,75
SSC50356,32,40,10,3,199
SSC50357,0,0,0,0,15
SSC50358,21,17,3,0,85
SSC50359,0,0,0,0,12
SSC50360,0,0,0,0,15
SSC50361,3,0,4,0,16
SSC50362,9,0,0,0,46
SSC50363,60,39,17,6,348
SSC50364,7,0,0,0,17
SSC50365,0,0,0,0,6
SSC50366,518,224,92,21,3425
SSC50367,15,12,3,0,77
SSC50368,0,5,3,0,14
SSC50369,0,0,0,0,0
SSC50370,141,110,45,9,878
SSC50371,16,21,5,0,86
SSC50372,5,9,0,6,35
SSC50373,481,391,171,41,2476
SSC50374,47,15,12,4,302
SSC50375,415,241,65,14,3982
SSC50376,13,3,5,0,69
SSC50377,49,11,3,0,529
SSC50378,0,0,0,0,0
SSC50379,43,17,10,0,373
SSC50380,0,0,0,0,5
SSC50381,35,22,9,3,151
SSC50382,0,5,0,0,17
SSC50383,245,143,74,4,2949
SSC50384,0,0,0,0,7
SSC50385,36,25,9,0,229
SSC50386,75,24,12,0,318
SSC50387,28,14,3,4,148
SSC50388,112,64,13,4,562
SSC50389,401,335,123,13,2031
SSC50390,7,4,0,0,20
SSC50391,0,3,0,0,3
SSC50392,4,0,0,0,15
SSC50393,0,4,0,0,9
SSC50394,3,0,0,0,8
SSC50395,448,427,162,13,2667
SSC50396,66,31,3,3,1423
SSC50397,4,3,0,0,14
SSC50398,29,12,3,0,120
SSC50399,53,21,8,0,374
SSC50400,3,11,0,0,29
SSC50401,7,0,4,3,33
SSC50402,60,64,18,7,372
SSC50403,240,226,112,40,1279
SSC50404,276,107,22,8,1643
SSC50405,0,0,0,0,9
SSC50406,3,8,0,0,21
SSC50407,6,0,0,0,14
SSC50408,1667,1138,834,267,11629
SSC50409,0,0,0,0,3
SSC50410,15,13,3,0,85
SSC50411,10,9,0,0,50
SSC50412,0,0,0,0,3
SSC50413,10,3,0,0,24
SSC50414,180,35,5,0,1457
SSC50415,119,111,41,5,603
SSC50416,0,0,0,0,11
SSC50417,0,0,0,0,5
SSC50418,212,169,102,46,1220
SSC50419,8,3,3,0,23
SSC50420,6,3,0,0,43
SSC50421,0,0,0,0,0
SSC50422,634,285,156,64,4788
SSC50423,30,25,11,0,172
SSC50424,10,5,0,0,26
SSC50425,87,44,12,0,686
SSC50426,0,0,0,0,0
SSC50427,3,4,0,0,13
SSC50428,0,0,0,0,8
SSC50429,3,3,0,0,24
SSC50430,490,501,312,144,2894
SSC50431,0,0,0,0,6
SSC50432,9,4,0,0,26
SSC50433,5,0,0,0,6
SSC50434,26,30,4,3,115
SSC50435,23,11,4,0,103
SSC50436,27,14,8,0,97
SSC50437,1442,1022,329,154,8031
SSC50438,0,0,0,0,0
SSC50439,0,0,0,0,7
SSC50440,355,309,132,30,2775
SSC50441,10,4,0,0,80
SSC50442,8,5,0,0,22
SSC50443,0,0,0,0,0
SSC50444,3,0,0,0,4
SSC50445,49,43,14,0,245
SSC50446,10,19,10,0,50
SSC50447,3,4,0,0,17
SSC50448,3,0,0,0,20
SSC50449,6,5,6,0,38
SSC50450,6,6,4,0,25
SSC50451,327,204,126,46,1781
SSC50452,222,126,57,9,2653
SSC50453,64,46,13,12,377
SSC50454,3,4,0,0,18
SSC50455,0,0,0,0,0
SSC50456,849,454,214,102,4362
SSC50457,0,0,0,0,0
SSC50458,3,3,0,0,35
SSC50459,0,0,0,0,3
SSC50460,0,0,0,0,3
SSC50461,3,3,3,0,12
SSC50462,3,0,0,0,4
SSC50463,806,437,148,33,7667
SSC50464,26,4,4,0,94
SSC50465,0,0,0,0,6
SSC50466,35,34,19,3,126
SSC50467,626,283,121,51,5982
SSC50468,0,0,0,0,14
SSC50469,0,0,0,0,20
SSC50470,7,3,0,3,48
SSC50471,514,345,275,149,3685
SSC50472,241,154,74,29,1609
SSC50473,465,235,81,26,2342
SSC50474,5,3,0,0,26
SSC50475,35,17,3,0,836
SSC50476,8,16,3,0,54
SSC50477,0,0,0,0,4
SSC50478,0,0,0,0,8
SSC50479,7,5,0,0,46
SSC50480,71,18,11,0,209
SSC50481,773,445,294,174,9561
SSC50482,0,3,0,0,10
SSC50483,162,86,107,81,1593
SSC50484,7,0,0,0,12
SSC50485,22,46,28,3,147
SSC50486,0,7,4,0,49
SSC50487,0,0,0,0,0
SSC50488,4,0,0,0,5
SSC50489,0,0,0,0,7
SSC50490,329,505,317,75,2090
SSC50491,173,115,111,71,1048
SSC50492,0,0,0,0,0
SSC50493,4,3,0,0,37
SSC50494,0,0,0,0,4
SSC50495,3,3,0,0,16
SSC50496,184,117,29,3,1301
SSC50497,5,0,0,0,27
SSC50498,0,3,0,0,14
SSC50499,443,388,176,56,2462
SSC50500,32,22,0,0,118
SSC50501,351,226,132,78,2195
SSC50502,0,0,0,0,0
SSC50503,0,0,0,0,0
SSC50504,0,0,0,0,0
SSC50505,0,0,0,0,0
SSC50506,59,22,4,5,510
SSC50507,0,0,0,0,0
SSC50508,829,396,190,93,4380
SSC50509,0,0,0,0,0
SSC50510,35,22,11,0,139
SSC50511,8,3,3,0,96
SSC50512,0,0,0,0,0
SSC50513,0,0,3,0,12
SSC50514,6,0,0,0,31
SSC50515,73,47,19,7,447
SSC50516,851,490,266,110,5558
SSC50517,3,0,0,0,17
SSC50518,29,17,10,7,169
SSC50519,9,0,0,0,41
SSC50520,841,571,263,89,5318
SSC50521,102,84,38,12,433
SSC50522,0,0,0,0,6
SSC50523,74,59,10,0,267
SSC50524,6,4,0,0,19
SSC50525,9,0,0,0,34
SSC50526,10,0,0,0,49
SSC50527,3,0,0,0,581
SSC50528,5,0,0,0,27
SSC50529,7,7,0,0,60
SSC50530,0,0,0,0,15
SSC50531,274,123,39,12,1166
SSC50532,301,250,97,24,1597
SSC50533,3,3,3,0,30
SSC50534,228,145,111,44,1451
SSC50535,0,0,0,0,3
SSC50536,9,0,0,0,42
SSC50537,32,10,8,0,169
SSC50538,7,0,0,0,45
SSC50539,3,9,0,0,47
SSC50540,290,149,65,8,1396
SSC50541,5,7,3,0,39
SSC50542,3,0,0,0,5
SSC50543,0,0,0,0,13
SSC50544,0,0,0,0,0
SSC50545,0,0,0,0,5
SSC50546,51,47,18,3,342
SSC50547,4,4,0,0,23
SSC50548,412,287,116,21,3246
SSC50549,86,55,24,8,441
SSC50550,323,199,76,20,1488
SSC50551,154,74,27,10,1216
SSC50552,12,4,4,0,28
SSC50553,0,0,0,0,13
SSC50554,98,87,52,43,1595
SSC50555,67,26,9,0,425
SSC50556,8,4,0,0,54
SSC50557,4,9,3,0,31
SSC50558,0,5,0,0,27
SSC50559,125,64,29,10,521
SSC50560,58,12,10,0,271
SSC50561,0,0,0,0,3
SSC50562,35,21,5,8,217
SSC50563,8,0,0,0,17
SSC50564,164,86,52,4,1677
SSC50565,41,51,13,0,146
SSC50566,0,5,0,0,19
SSC50567,48,36,14,8,230
SSC50568,0,0,0,0,3
SSC50569,379,326,160,36,1831
SSC50570,3,0,0,0,15
SSC50571,0,0,0,0,0
SSC50572,1074,771,518,202,8329
SSC50573,28,14,11,3,139
SSC50574,0,0,0,0,13
SSC50575,0,0,3,0,56
SSC50576,18,15,3,0,66
SSC50577,27,34,5,3,121
SSC50578,4,3,0,0,28
SSC50579,3,7,0,0,22
SSC50580,40,18,8,0,151
SSC50581,562,470,519,144,3985
SSC50582,5,6,0,0,32
SSC50583,230,165,115,68,1337
SSC50584,28,14,5,0,125
SSC50585,706,642,171,32,4830
SSC50586,0,0,0,0,3
SSC50587,20,3,6,0,31
SSC50588,0,3,0,0,3
SSC50589,4,0,0,0,29
SSC50590,0,0,0,0,0
SSC50591,15,31,13,5,93
SSC50592,192,133,76,36,1152
SSC50593,0,0,0,0,4
SSC50594,3,0,0,0,19
SSC50595,3,0,0,0,23
SSC50596,8,3,0,0,30
SSC50597,291,239,164,125,2344
SSC50598,8,3,0,0,29
SSC50599,10,3,0,0,23
SSC50600,88,30,10,3,601
SSC50601,1081,796,383,144,6446
SSC50602,18,18,3,0,117
SSC50603,4,6,0,0,27
SSC50604,4,0,0,0,18
SSC50605,351,331,121,29,2508
SSC50606,0,0,0,0,0
SSC50607,694,462,254,153,5351
SSC50608,135,64,13,0,2423
SSC50609,121,34,15,3,1168
SSC50610,6,0,3,0,46
SSC50611,329,119,21,5,4513
SSC50612,4,3,0,0,20
SSC50613,203,163,92,26,1394
SSC50614,0,0,0,0,14
SSC50615,0,0,0,0,0
SSC50616,44,38,16,0,193
SSC50617,13,11,5,0,367
SSC50618,64,61,42,8,408
SSC50619,9,9,3,0,43
SSC50620,469,246,80,15,3322
SSC50621,310,220,83,11,1765
SSC50622,0,0,0,0,8
SSC50623,214,107,36,0,1153
SSC50624,22,10,3,0,86
SSC50625,0,0,0,0,0
SSC50626,136,96,35,3,676
SSC50627,48,32,10,0,237
SSC50628,0,3,0,0,37
SSC50629,14,7,4,0,59
SSC50630,5,0,0,0,46
SSC50631,687,463,260,56,5299
SSC50632,38,13,6,0,137
SSC50633,153,69,24,10,1518
SSC50634,67,22,5,0,694
SSC50635,10,3,0,0,41
SSC50636,1176,627,204,54,5621
SSC50637,125,102,34,3,714
SSC50638,4,3,3,0,27
SSC50639,293,135,104,94,2106
SSC50640,3,3,0,0,15
SSC50641,10,0,0,0,22
SSC50642,3,4,0,0,27
SSC50643,294,146,37,5,2630
SSC50644,21,14,0,0,67
SSC50645,0,3,6,0,28
SSC50646,0,0,0,0,0
SSC50647,3,0,0,0,10
SSC50648,0,0,0,0,14
SSC50649,0,0,0,0,3
SSC50650,3,0,0,0,27
SSC50651,32,16,5,3,153
SSC50652,87,77,20,7,406
SSC50653,20,13,4,0,62
SSC50654,0,3,0,0,6
SSC50655,83,61,21,8,355
SSC50656,17,10,5,0,64
SSC50657,0,0,0,0,23
SSC50658,0,3,0,0,12
SSC50659,436,272,93,28,3589
SSC50660,19,15,5,0,131
SSC50661,0,0,0,0,9
SSC50662,524,164,60,4,2615
SSC50663,3,0,0,0,23
SSC50664,6,0,0,0,11
SSC50665,5,0,0,0,8
SSC50666,491,239,128,36,3287
SSC50667,3,4,3,0,15
SSC50668,472,333,205,179,5022
SSC50669,3,0,0,0,17
SSC50670,14,9,0,0,38
SSC50671,9,0,3,0,35
SSC50672,0,0,0,0,0
SSC50673,4,3,0,0,19
SSC50674,10,0,0,0,28
SSC50675,4,0,0,0,21
SSC50676,18,18,5,0,65
SSC50677,0,0,0,0,12
SSC50678,22,26,3,3,118
SSC50679,284,175,33,9,1359
SSC50680,219,96,40,5,1508
SSC50681,9,14,3,0,64
SSC50682,92,68,21,7,595
SSC50683,0,4,3,0,11
SSC50684,10,13,4,0,67
SSC50685,4,0,0,0,29
SSC50686,3,3,0,0,24
SSC50687,10,9,3,0,73
SSC50688,29,10,9,3,154
SSC50689,0,0,0,0,12
SSC50690,3,0,0,0,18
SSC50691,146,34,10,0,1223
SSC50692,3,3,0,0,33
SSC50693,7,4,0,0,52
SSC50694,7,3,0,0,17
SSC50695,93,110,142,100,900
SSC50696,704,342,172,69,4945
SSC50697,288,163,112,88,2908
SSC50698,45,37,14,0,172
SSC50699,10,0,0,0,157
SSC50700,180,121,62,6,808
SSC50701,0,0,0,0,14
SSC50702,653,636,368,112,3762
SSC50703,9,3,0,0,74
SSC50704,186,153,52,11,768
SSC50705,0,0,0,0,0
SSC50706,88,59,9,7,345
SSC50707,236,99,48,12,1896
SSC50708,8,4,0,0,26
SSC50709,494,375,113,49,2775
SSC50710,12,0,0,0,42
SSC50711,6,3,0,0,99
SSC50712,40,16,4,0,336
SSC50713,80,40,11,0,679
SSC50714,45,61,16,0,211
SSC50715,0,0,0,0,10
SSC50716,41,23,10,0,125
SSC50717,3,3,0,0,40
SSC50718,127,60,25,9,969
SSC50719,857,453,207,53,4636
SSC50720,13,0,0,0,35
SSC50721,12,3,0,0,34
SSC50722,12,4,0,0,93
SSC50723,4,0,0,0,9
SSC50724,41,12,0,0,190
SSC50725,86,55,12,5,684
SSC50726,31,28,9,0,183
SSC50727,0,0,0,0,7
SSC50728,11,18,6,0,85
SSC50729,0,0,0,0,0
SSC50730,8,3,0,0,24
SSC50731,8,4,0,0,54
SSC50732,24,7,0,0,151
SSC50733,27,10,4,3,137
SSC50734,662,516,301,109,4843
SSC50735,0,0,0,0,0
SSC50736,234,145,88,47,1455
SSC50737,3,3,0,0,21
SSC50738,9,7,3,0,42
SSC50739,18,0,4,4,161
SSC50740,6,0,3,0,18
SSC50741,58,42,38,18,364
SSC50742,739,527,240,131,4782
SSC50743,109,98,37,0,464
SSC50744,3,3,0,0,12
SSC50745,0,0,0,0,3
SSC50746,373,189,59,29,2442
SSC50747,24,9,0,0,50
SSC50748,284,169,77,19,2399
SSC50749,0,0,0,0,0
SSC50750,378,235,138,34,3266
SSC50751,57,44,11,0,477
SSC50752,133,74,20,5,825
SSC50753,0,0,0,0,12
SSC50754,16,9,0,0,118
SSC50755,18,22,3,0,111
SSC50756,0,4,0,0,10
SSC50757,35,21,9,0,144
SSC50758,1292,683,335,249,6559
SSC50759,0,0,0,0,5
SSC50760,427,185,87,47,3172
SSC50761,0,0,0,0,6
SSC50762,18,5,0,0,89
SSC50763,3,0,0,0,14
SSC50764,0,7,0,0,11
SSC50765,86,58,39,21,525
SSC50766,7,10,0,0,41
SSC50767,35,12,9,0,131
SSC50768,4,3,0,0,12
SSC50769,4,0,0,0,26
SSC50770,7,0,0,0,21
SSC50771,5,3,0,0,23
SSC50772,0,0,0,0,5
SSC50773,7,0,0,0,66
SSC50774,8,3,0,0,21
SSC50775,174,137,46,4,1319
SSC50776,45,40,25,0,420
SSC50777,17,10,5,0,94
SSC50778,4,0,4,0,24
SSC50779,25,19,3,0,89
SSC50780,5,3,0,3,25
SSC50781,35,17,8,0,129
SSC50782,12,9,5,0,48
SSC50783,0,0,0,0,16
SSC50784,8,3,3,0,42
SSC50785,8,14,3,0,52
SSC50786,20,23,8,9,146
SSC50787,4,4,0,0,33
SSC50788,0,0,0,0,7
SSC50789,4,0,0,0,39
SSC50790,3,0,0,0,13
SSC50791,15,7,0,0,27
SSC50792,398,126,31,4,2609
SSC50793,0,0,0,0,4
SSC50794,0,0,0,0,6
SSC50795,4,0,0,0,8
SSC50796,0,0,0,0,5
SSC50797,4,0,0,0,5
SSC50798,3,6,4,3,100
SSC50799,6,0,0,0,6
SSC50800,16,4,0,0,138
SSC50801,21,8,0,0,97
SSC50802,0,0,0,0,3
SSC50803,3,0,0,0,12
SSC50804,0,0,0,0,4
SSC50805,0,0,0,0,11
SSC50806,0,0,0,0,6
SSC50807,54,40,13,0,317
SSC50808,3,0,0,0,34
SSC50809,8,0,0,0,45
SSC50810,35,24,14,3,237
SSC50811,4,0,0,0,7
SSC50812,0,0,0,0,3
SSC50813,8,0,0,0,33
SSC50814,3,0,0,0,10
SSC50815,4,4,0,0,13
SSC50816,0,3,0,0,10
SSC50817,3,0,0,0,26
SSC50818,0,0,0,0,7
SSC50819,193,168,66,11,2120
SSC50820,117,38,26,3,957
SSC50821,78,69,33,12,350
SSC50822,525,218,94,8,5462
SSC50823,16,17,13,0,113
SSC50824,271,166,75,20,2339
SSC50825,0,0,0,0,18
SSC50826,238,109,64,26,1797
SSC50827,84,13,8,0,479
SSC50828,0,0,0,0,3
SSC50829,134,69,20,0,1299
SSC50830,21,27,6,3,110
SSC50831,201,99,49,21,2168
SSC50832,43,25,6,0,139
SSC50833,1273,591,163,55,5666
SSC50834,0,0,0,0,4
SSC50835,32,8,0,0,316
SSC50836,14,21,0,0,84
SSC50837,50,23,6,3,386
SSC50838,331,162,43,7,1404
SSC50839,0,0,0,0,0
SSC50840,735,592,296,83,4148
SSC50841,5,0,4,0,11
SSC50842,0,0,0,0,5
SSC50843,8,4,0,0,22
SSC50844,149,108,46,8,710
SSC50845,0,0,0,0,3
SSC50846,0,0,0,0,6
SSC50847,0,0,0,0,4
SSC50848,190,130,68,14,1472
SSC50849,65,69,21,5,518
SSC50850,0,0,0,0,9
SSC50851,0,0,0,0,0
SSC50852,5,0,0,0,23
SSC50853,17,10,6,0,58
SSC50854,178,97,31,3,1026
SSC50855,3,0,7,0,14
SSC50856,197,108,49,19,890
SSC50857,38,14,0,4,91
SSC50858,10,10,0,0,56
SSC50859,6,3,0,0,39
SSC50860,0,0,0,0,0
SSC50861,7,0,0,0,44
SSC50862,216,110,103,28,1666
SSC50863,0,7,0,0,24
SSC50864,523,348,225,80,4545
SSC50865,299,223,156,77,2865
SSC50866,193,83,32,9,1310
SSC50867,3,0,0,0,10
SSC50868,0,0,0,0,0
SSC50869,3,0,0,0,8
SSC50870,118,72,24,3,508
SSC50871,61,22,12,4,387
SSC50872,359,249,90,20,2071
SSC50873,0,0,0,0,0
SSC50874,4,8,0,0,23
SSC50875,0,0,0,0,3
SSC50876,6,5,0,0,22
SSC50877,0,0,0,0,9
SSC50878,0,0,0,0,0
SSC50879,0,0,0,0,6
SSC50880,11,6,3,0,28
SSC50881,646,511,345,156,3742
SSC50882,273,167,121,54,1712
SSC50883,3,0,0,0,10
SSC50884,322,184,86,38,2170
SSC50885,15,15,3,0,72
SSC50886,536,334,170,131,4170
SSC50887,10,7,0,0,29
SSC50888,31,18,0,0,162
SSC50889,31,22,3,0,263
SSC50890,3,4,0,0,17
SSC50891,45,22,5,3,224
SSC50892,56,10,0,0,808
SSC50893,574,305,130,43,3905
SSC50894,88,52,10,0,386
SSC50895,289,188,49,13,1254
SSC50896,0,0,0,0,6
SSC50897,0,0,0,0,6
SSC50898,0,5,0,0,20
SSC50899,0,0,0,0,0
SSC50900,0,0,0,0,0
SSC50901,130,76,61,55,773
SSC50902,7,3,0,0,40
SSC50903,27,21,7,3,138
SSC50904,0,0,0,0,0
SSC50905,3,3,0,0,7
SSC50906,21,16,3,0,80
SSC50907,820,492,165,63,7873
SSC50908,9,3,0,0,26
SSC50909,3,3,0,0,30
SSC50910,183,112,55,11,1435
SSC50911,0,0,0,0,0
SSC50912,420,280,233,137,3639
SSC50913,16,5,8,0,72
SSC50914,4,7,0,0,12
SSC50915,145,90,59,17,1025
SSC50916,56,27,3,3,328
SSC50917,0,0,0,0,3
SSC50918,16,9,3,0,78
SSC50919,3,0,0,0,11
SSC50920,14,9,7,0,65
SSC50921,0,0,0,0,0
SSC50922,442,265,197,109,3022
SSC50923,222,176,170,236,1452
SSC50924,6,6,0,0,41
SSC50925,0,0,0,0,8
SSC50926,9,0,5,0,41
SSC50927,0,3,0,0,22
SSC50928,171,83,45,20,1088
SSC50929,201,175,244,194,2237
SSC50930,0,0,0,0,8
SSC50931,31,15,3,0,102
SSC50932,0,0,0,0,3
SSC50933,0,0,0,0,6
SSC50934,169,120,41,10,1208
SSC50935,25,19,0,0,98
SSC50936,85,64,39,12,385
SSC50937,305,187,160,152,2868
SSC50938,81,70,37,10,585
SSC50939,6,3,0,0,60
SSC50940,91,12,3,0,871
SSC50941,99,42,9,0,1042
SSC50942,19,6,9,0,111
SSC50943,49,30,15,3,249
SSC50944,6,0,0,0,22
SSC50945,0,0,0,0,9
SSC50946,0,0,0,0,6
SSC50947,85,40,23,8,363
SSC50948,3,0,0,0,17
SSC50949,3,0,0,0,17
SSC50950,575,326,170,83,3740
SSC50951,3,0,0,0,13
SSC50952,4,0,0,0,8
SSC50953,28,12,3,0,111
SSC50954,6,3,3,0,40
SSC50955,0,0,0,0,14
SSC50956,0,0,0,0,16
SSC50957,0,0,0,0,9
SSC50958,11,10,5,3,64
SSC50959,164,116,61,24,909
SSC50960,356,202,72,16,2619
SSC50961,3,0,0,0,26
SSC50962,4,0,0,0,19
SSC50963,3,3,0,0,30
SSC50964,3,3,4,0,22
SSC50965,30,16,8,0,102
SSC50966,3,0,0,0,20
SSC50967,0,0,0,0,6
SSC50968,29,25,5,3,73
SSC50969,4,3,0,0,6
SSC50970,39,18,6,0,193
SSC50971,3,7,0,0,25
SSC50972,0,0,0,0,23
SSC50973,18,15,10,0,78
SSC50974,3,4,0,0,17
SSC50975,7,3,0,0,17
SSC50976,0,0,0,0,15
SSC50977,15,6,5,0,93
SSC50978,126,78,30,14,675
SSC50979,0,0,0,0,0
SSC50980,0,0,0,0,12
SSC50981,3,0,0,0,31
SSC50982,95,63,14,3,392
SSC50983,40,13,14,6,197
SSC50984,4,0,5,0,15
SSC50985,0,4,0,0,6
SSC50986,55,35,8,0,381
SSC50987,54,18,21,0,359
SSC50988,1274,958,518,156,10302
SSC50989,0,3,0,0,24
SSC50990,805,670,297,118,5215
SSC50991,3,0,0,0,18
SSC50992,0,0,0,0,7
SSC50993,0,0,0,0,0
SSC50994,246,167,76,35,1210
SSC50995,0,0,0,0,4
SSC50996,0,0,0,0,19
SSC50997,0,0,0,0,4
SSC50998,513,328,205,79,2611
SSC50999,54,47,22,19,327
SSC51000,12,3,0,0,42
SSC51001,0,0,0,0,0
SSC51002,0,4,0,0,12
SSC51003,23,14,3,4,88
SSC51004,12,7,0,0,153
SSC51005,542,223,65,35,4144
SSC51006,281,166,54,16,1514
SSC51007,3,3,0,0,21
SSC51008,0,0,0,0,3
SSC51009,0,0,0,0,14
SSC51010,0,0,0,0,0
SSC51011,975,574,224,194,6971
SSC51012,0,0,0,0,0
SSC51013,0,0,0,0,11
SSC51014,42,38,6,0,226
SSC51015,128,64,23,3,574
SSC51016,290,182,87,21,1495
SSC51017,0,0,0,0,0
SSC51018,0,0,0,0,0
SSC51019,0,0,0,0,0
SSC51020,691,481,225,101,3968
SSC51021,178,141,87,20,927
SSC51022,0,0,0,0,0
SSC51023,67,8,0,0,762
SSC51024,12,0,0,0,22
SSC51025,0,0,0,0,7
SSC51026,209,127,52,6,1422
SSC51027,0,0,0,0,10
SSC51028,0,0,0,0,0
SSC51029,0,0,0,0,0
SSC51030,80,52,18,3,416
SSC51031,11,11,4,3,70
SSC51032,7,10,4,0,156
SSC51033,4,0,0,0,9
SSC51034,19,8,4,0,137
SSC51035,0,0,0,0,0
SSC51036,3,3,0,0,116
SSC51037,535,320,107,25,3082
SSC51038,17,11,4,0,71
SSC51039,22,19,13,0,168
SSC51040,22,12,3,3,146
SSC51041,15,11,3,0,104
SSC51042,16,9,0,3,50
SSC51043,10,3,0,0,29
SSC51044,0,0,0,0,10
SSC51045,282,251,118,67,1559
SSC51046,80,38,11,11,493
SSC51047,0,3,0,0,15
SSC51048,7,3,0,0,21
SSC51049,7,6,0,0,51
SSC51050,263,138,78,18,2016
SSC51051,3,0,0,0,21
SSC51052,11,8,3,0,46
SSC51053,7,0,0,0,24
SSC51054,248,261,260,228,2110
SSC51055,0,0,0,0,10
SSC51056,0,5,0,0,13
SSC51057,46,37,23,5,196
SSC51058,0,0,0,0,0
SSC51059,113,68,92,85,1008
SSC51060,40,23,13,4,223
SSC51061,5,9,6,0,59
SSC51062,3,0,0,0,5
SSC51063,0,0,0,0,0
SSC51064,0,0,0,0,11
SSC51065,0,0,0,0,12
SSC51066,32,4,0,3,139
SSC51067,0,4,0,0,10
SSC51068,3,4,5,0,17
SSC51069,3,0,0,0,4
SSC51070,0,0,0,0,0
SSC51071,7,5,0,0,31
SSC51072,0,0,0,0,7
SSC51073,112,92,31,8,434
SSC51074,14,3,0,0,53
SSC51075,3,3,0,0,42
SSC51076,35,14,13,0,128
SSC51077,3,0,0,0,6
SSC51078,35,21,17,9,163
SSC51079,17,7,0,0,352
SSC51080,8,0,4,0,30
SSC51081,0,3,0,0,14
SSC51082,38,31,7,0,199
SSC51083,324,207,118,43,1862
SSC51084,9,10,3,0,61
SSC51085,6,12,0,0,52
SSC51086,8,0,0,0,15
SSC51087,0,0,0,0,0
SSC51088,1111,822,345,169,6215
SSC51089,9,3,0,0,40
SSC51090,0,0,0,0,6
SSC51091,3,18,0,3,55
SSC51092,11,15,9,0,115
SSC51093,0,0,0,0,5
SSC51094,6,0,0,0,50
SSC51095,0,0,0,0,0
SSC51096,0,5,0,0,4
SSC51097,10,10,10,0,74
SSC51098,0,0,0,0,4
SSC51099,11,6,0,0,54
SSC51100,12,11,0,0,58
SSC51101,381,50,4,0,4127
SSC51102,36,21,5,0,297
SSC51103,174,23,4,0,2115
SSC51104,30,22,12,0,110
SSC51105,3,7,0,0,23
SSC51106,0,0,0,0,11
SSC51107,0,0,0,0,6
SSC51108,5,0,0,0,29
SSC51109,15,5,0,0,35
SSC51110,0,0,0,0,22
SSC51111,0,0,0,0,4
SSC51112,531,292,199,70,6219
SSC51113,3,4,0,0,15
SSC51114,718,498,222,76,3794
SSC51115,13,10,3,0,31
SSC51116,0,0,0,0,11
SSC51117,54,40,9,3,203
SSC51118,3,0,0,0,25
SSC51119,0,0,0,0,0
SSC51120,343,262,111,31,1892
SSC51121,0,3,0,0,6
SSC51122,40,23,0,0,168
SSC51123,0,0,0,0,0
SSC51124,0,0,0,0,3
SSC51125,274,127,43,10,1483
SSC51126,63,36,7,3,334
SSC51127,0,3,0,0,7
SSC51128,384,349,136,48,2233
SSC51129,13,11,5,0,53
SSC51130,5,3,0,0,25
SSC51131,0,0,3,0,17
SSC51132,5,0,0,0,31
SSC51133,0,3,3,0,12
SSC51134,131,47,19,8,725
SSC51135,0,3,0,0,11
SSC51136,0,0,0,0,11
SSC51137,689,313,173,90,5156
SSC51138,24,9,4,0,104
SSC51139,4,0,0,0,12
SSC51140,7,3,0,0,40
SSC51141,3,0,0,0,10
SSC51142,8,8,3,0,40
SSC51143,15,8,0,0,77
SSC51144,0,0,0,0,3
SSC51145,0,0,0,0,5
SSC51146,84,66,35,13,375
SSC51147,498,320,174,91,2715
SSC51148,74,53,39,20,338
SSC51149,62,24,15,3,1021
SSC51150,20,9,6,0,120
SSC51151,4,0,0,0,5
SSC51152,26,9,0,0,106
SSC51153,0,0,0,0,9
SSC51154,7,0,0,0,18
SSC51155,106,12,0,0,1080
SSC51156,5,6,3,0,21
SSC51157,56,41,17,7,403
SSC51158,16,6,3,3,52
SSC51159,0,0,0,0,0
SSC51160,6,10,7,0,45
SSC51161,17,22,4,0,116
SSC51162,24,18,18,0,280
SSC51163,0,0,0,0,0
SSC51164,204,94,24,5,1144
SSC51165,105,83,59,12,544
SSC51166,784,425,150,25,4023
SSC51167,0,0,0,0,17
SSC51168,3,0,0,0,19
SSC51169,22,16,9,0,134
SSC51170,7,12,0,0,31
SSC51171,84,15,8,0,426
SSC51172,0,0,0,0,10
SSC51173,0,0,0,0,0
SSC51174,105,90,45,18,835
SSC51175,106,54,21,4,368
SSC51176,3,0,0,0,9
SSC51177,3,0,0,0,9
SSC51178,5,3,0,0,47
SSC51179,269,184,97,25,1924
SSC51180,204,120,57,19,2431
SSC51181,16,12,3,0,65
SSC51182,650,427,122,35,4167
SSC51183,11,8,6,0,66
SSC51184,6,0,0,0,53
SSC51185,0,0,0,0,13
SSC51186,5,9,3,0,32
SSC51187,516,337,193,80,3886
SSC51188,29,0,0,0,318
SSC51189,3,0,0,0,22
SSC51190,58,9,0,0,626
SSC51191,15,8,0,4,67
SSC51192,7,13,0,0,37
SSC51193,0,0,0,0,0
SSC51194,212,96,32,3,1127
SSC51195,3,0,0,0,13
SSC51196,4,0,0,0,25
SSC51197,69,32,15,3,275
SSC51198,485,313,109,25,2962
SSC51199,327,213,116,25,2435
SSC51200,8,8,0,0,34
SSC51201,10,5,0,0,44
SSC51202,12,3,3,0,31
SSC51203,7,4,3,0,31
SSC51204,0,0,0,0,3
SSC51205,10,11,0,0,31
SSC51206,12,0,0,0,97
SSC51207,188,95,28,0,1877
SSC51208,0,3,0,0,4
SSC51209,0,6,0,0,7
SSC51210,141,54,3,0,1091
SSC51211,101,77,12,0,428
SSC51212,70,57,23,4,393
SSC51213,180,108,71,23,896
SSC51214,50,45,18,0,285
SSC51215,17,8,9,5,96
SSC51216,7,0,0,0,19
SSC51217,4,3,0,0,12
SSC51218,656,323,125,38,8225
SSC51219,3,0,0,0,28
SSC51220,13,15,0,0,66
SSC51221,0,0,0,0,7
SSC51222,248,84,24,3,4627
SSC51223,3,0,0,0,22
SSC51224,130,38,15,0,1091
SSC51225,32,39,17,3,249
SSC51226,6,7,3,0,37
SSC51227,10,11,0,0,34
SSC51228,19,24,7,0,113
SSC51229,7,8,0,0,23
SSC51230,3,4,0,0,7
SSC51231,0,0,0,0,25
SSC51232,77,66,26,10,310
SSC51233,15,8,3,0,114
SSC51234,3,6,3,0,47
SSC51235,274,259,151,45,1943
SSC51236,94,25,14,9,436
SSC51237,4,0,0,0,7
SSC51238,14,3,5,0,64
SSC51239,9,3,0,0,99
SSC51240,8,5,0,0,35
SSC51241,20,6,0,0,166
SSC51242,0,0,0,0,0
SSC51243,27,7,4,0,127
SSC51244,18,14,7,0,75
SSC51245,30,39,16,5,182
SSC51246,23,4,4,3,69
SSC51247,118,123,63,13,614
SSC51248,267,71,12,4,2378
SSC51249,722,354,210,126,5862
SSC51250,0,0,0,0,0
SSC51251,31,36,6,3,123
SSC51252,14,3,3,0,65
SSC51253,35,15,0,0,116
SSC51254,0,0,0,0,3
SSC51255,3,0,0,0,9
SSC51256,3,0,0,0,10
SSC51257,61,52,36,7,261
SSC51258,0,0,0,0,25
SSC51259,62,31,7,0,227
SSC51260,238,123,68,17,3296
SSC51261,12,7,0,0,43
SSC51262,3,0,0,0,4
SSC51263,3,0,0,0,16
SSC51264,144,101,42,7,724
SSC51265,0,11,3,0,20
SSC51266,21,21,6,0,84
SSC51267,545,266,100,22,4003
SSC51268,17,5,4,0,64
SSC51269,101,68,46,10,679
SSC51270,47,31,16,0,223
SSC51271,111,123,134,35,919
SSC51272,0,0,0,0,15
SSC51273,3,0,0,0,9
SSC51274,7,3,3,0,33
SSC51275,6,3,0,0,22
SSC51276,266,169,130,93,2451
SSC51277,13,13,5,0,53
SSC51278,20,9,3,3,88
SSC51279,7,3,0,0,31
SSC51280,0,0,0,0,0
SSC51281,0,0,0,0,10
SSC51282,24,16,9,0,116
SSC51283,0,0,0,0,0
SSC51284,0,0,0,0,0
SSC51285,178,138,124,22,1972
SSC51286,8,0,3,0,35
SSC51287,374,314,150,39,2846
SSC51288,604,281,172,69,5998
SSC51289,82,30,4,9,297
SSC51290,1174,899,601,208,6880
SSC51291,20,0,0,0,151
SSC51292,3,0,0,0,3
SSC51293,3,4,4,0,37
SSC51294,39,19,7,3,402
SSC51295,57,28,10,0,253
SSC51296,62,25,5,0,366
SSC51297,659,509,126,28,3416
SSC51298,25,15,8,0,99
SSC51299,25,17,7,0,82
SSC51300,0,3,0,0,7
SSC51301,321,199,228,174,1892
SSC51302,14,4,0,0,119
SSC51303,37,16,6,0,259
SSC51304,10,0,0,0,35
SSC51305,11,4,0,0,89
SSC51306,5,0,0,0,27
SSC51307,8,4,0,0,41
SSC51308,611,465,258,82,3534
SSC51309,14,5,4,0,72
SSC51310,253,195,149,174,1579
SSC51311,200,94,58,17,948
SSC51312,90,77,27,3,458
SSC51313,0,0,0,0,0
SSC51314,0,0,0,0,3
SSC51315,12,11,3,0,50
SSC51316,8,6,0,0,43
SSC51317,96,76,25,3,502
SSC51318,14,0,0,0,62
SSC51319,1080,619,320,101,9780
SSC51320,0,0,0,0,0
SSC51321,81,74,12,0,285
SSC51322,0,0,0,0,18
SSC51323,0,4,0,0,5
SSC51324,4,0,3,0,24
SSC51325,14,13,0,0,38
SSC51326,432,204,65,15,5344
SSC51327,11,9,0,0,78
SSC51328,183,127,73,13,1093
SSC51329,407,175,77,22,4095
SSC51330,10,3,10,3,49
SSC51331,81,85,30,7,411
SSC51332,0,0,0,0,0
SSC51333,0,0,0,0,0
SSC51334,425,309,122,35,2445
SSC51335,461,337,158,54,2741
SSC51336,0,0,0,0,0
SSC51337,341,271,226,125,2098
SSC51338,0,0,0,0,0
SSC51339,17,6,3,0,49
SSC51340,107,99,42,18,614
SSC51341,103,53,20,9,1227
SSC51342,45,24,12,0,306
SSC51343,164,105,49,5,1663
SSC51344,0,0,0,0,0
SSC51345,0,0,0,0,0
SSC51346,11,0,0,0,29
SSC51347,0,0,0,0,0
SSC51348,223,81,15,0,1916
SSC51349,878,614,191,55,4023
SSC51350,0,0,0,0,3
SSC51351,100,45,9,5,632
SSC51352,740,481,269,92,4229
SSC51353,0,0,0,0,5
SSC51354,79,38,18,8,462
SSC51355,0,0,0,0,6
SSC51356,4,5,0,0,24
SSC51357,387,268,71,14,1948
SSC51358,0,0,0,0,6
SSC51359,3,3,3,0,39
SSC51360,222,120,71,12,1614
SSC51361,453,118,29,13,4494
SSC51362,275,108,45,14,1986
SSC51363,0,0,0,0,12
SSC51364,3,0,0,0,15
SSC51365,0,0,0,0,10
SSC51366,321,157,62,25,2581
SSC51367,5,0,0,0,12
SSC51368,5,0,0,0,24
SSC51369,0,0,0,0,3
SSC51370,1245,848,323,138,7715
SSC51371,12,3,3,0,53
SSC51372,0,0,0,0,17
SSC51373,0,0,0,0,4
SSC51374,3,0,0,0,34
SSC51375,0,0,0,3,14
SSC51376,0,0,0,0,11
SSC51377,0,0,0,0,3
SSC51378,3,0,0,0,8
SSC51379,276,272,111,10,1438
SSC51380,18,10,0,0,41
SSC51381,13,0,0,0,32
SSC51382,35,21,16,14,257
SSC51383,466,193,61,8,4655
SSC51384,152,102,44,14,772
SSC51385,653,455,268,152,4779
SSC51386,215,207,134,90,1498
SSC51387,12,5,3,0,35
SSC51388,20,12,3,0,116
SSC51389,4,0,0,0,3
SSC51390,33,13,8,0,373
SSC51391,264,137,85,61,2798
SSC51392,7,9,3,0,24
SSC51393,52,11,0,0,227
SSC51394,703,424,179,47,4824
SSC51395,9,8,0,0,65
SSC51396,0,0,0,0,0
SSC51397,241,195,40,21,1237
SSC51398,4,0,0,0,31
SSC51399,60,31,9,0,535
SSC51400,102,39,9,3,360
SSC51401,3,3,0,0,9
SSC51402,134,84,42,9,1222
SSC51403,0,0,0,0,10
SSC51404,22,4,0,0,188
SSC51405,869,687,298,96,6183
SSC51406,475,179,108,59,4987
SSC51407,11,6,0,0,34
SSC51408,86,62,29,8,643
SSC51409,597,464,198,68,3500
SSC51410,426,291,128,57,2297
SSC51411,13,4,0,0,43
SSC51412,310,24,0,0,2505
SSC51413,25,17,0,0,66
SSC51414,3,0,0,0,12
SSC51415,3,0,0,0,17
SSC51416,0,0,0,0,0
SSC51417,0,0,0,0,3
SSC51418,0,0,0,0,0
SSC51419,21,17,19,3,122
SSC51420,12,8,3,0,73
SSC51421,0,0,0,0,0
SSC51422,14,8,5,0,176
SSC51423,3,0,0,0,7
SSC51424,399,185,92,15,4274
SSC51425,149,57,26,3,635
SSC51426,0,0,0,0,13
SSC51427,0,0,0,0,18
SSC51428,12,3,4,0,47
SSC51429,60,13,0,0,506
SSC51430,0,0,0,0,22
SSC51431,25,21,11,0,104
SSC51432,3,0,4,0,22
SSC51433,4,0,0,0,19
SSC51434,0,0,0,0,0
SSC51435,377,214,52,9,2275
SSC51436,6,3,3,0,39
SSC51437,1526,988,455,109,10197
SSC51438,32,26,3,9,154
SSC51439,7,0,3,0,20
SSC51440,0,0,0,0,5
SSC51441,0,4,0,0,21
SSC51442,3,0,0,0,27
SSC51443,130,22,0,0,1388
SSC51444,4,0,0,0,8
SSC51445,150,137,54,5,652
SSC51446,3,3,0,0,6
SSC51447,0,0,0,0,0
SSC51448,0,0,0,0,3
SSC51449,45,29,13,0,173
SSC51450,21,11,4,0,451
SSC51451,0,0,0,0,0
SSC51452,0,0,0,0,0
SSC51453,8,10,5,0,53
SSC51454,11,8,0,4,59
SSC51455,0,0,0,0,0
SSC51456,269,191,92,38,1573
SSC51457,0,0,0,0,0
SSC51458,366,230,121,58,4076
SSC51459,0,0,0,0,0
SSC51460,7,0,0,0,29
SSC51461,221,164,82,7,1401
SSC51462,0,4,0,0,20
SSC51463,0,0,0,0,9
SSC51464,23,20,3,0,132
SSC51465,0,0,0,0,4
SSC51466,20,21,4,0,99
SSC51467,0,0,0,0,5
SSC51468,58,54,12,3,260
SSC51469,5,0,3,0,24
SSC51470,7,0,0,0,51
SSC51471,141,76,26,7,889
SSC51472,78,48,18,0,538
SSC51473,0,0,0,0,3
SSC51474,3,3,0,0,22
SSC51475,173,92,15,0,1088
SSC51476,552,286,101,36,5476
SSC51477,0,0,0,0,0
SSC51478,55,5,9,0,353
SSC51479,0,0,0,0,0
SSC51480,68,43,41,5,478
SSC51481,4,4,0,0,27
SSC51482,0,0,0,0,13
SSC51483,7,0,0,0,15
SSC51484,3,0,0,0,43
SSC51485,0,3,8,0,18
SSC51486,120,92,38,5,973
SSC51487,144,94,52,26,592
SSC51488,852,445,222,80,5432
SSC51489,0,0,3,0,17
SSC51490,3,0,0,0,28
SSC51491,29,12,4,4,121
SSC51492,0,0,0,0,0
SSC51493,0,0,0,0,0
SSC51494,86,53,26,6,441
SSC51495,0,9,0,0,16
SSC51496,58,32,37,0,226
SSC51497,11,3,0,0,35
SSC51498,4,4,0,0,19
SSC51499,0,0,0,0,0
SSC51500,0,0,0,0,11
SSC51501,0,0,0,0,6
SSC51502,0,0,0,0,0
SSC51503,20,16,5,0,128
SSC51504,164,76,17,3,1512
SSC51505,9,4,3,0,32
SSC51506,198,100,29,9,1781
SSC51507,15,16,11,3,70
SSC51508,4,0,0,0,17
SSC51509,5,10,3,0,47
SSC51510,307,288,99,21,1728
SSC51511,838,619,282,137,5514
SSC51512,3,0,0,0,12
SSC51513,13,13,6,0,64
SSC51514,21,15,3,0,179
SSC51515,0,0,3,0,9
SSC51516,0,0,0,0,17
SSC51517,9,0,0,0,85
SSC51518,693,377,183,41,4673
SSC51519,9,0,0,0,24
SSC51520,200,132,120,51,1237
SSC51521,0,0,0,0,6
SSC51522,9,6,0,0,27
SSC51523,3,0,0,0,13
SSC51524,38,37,6,4,292
SSC51525,304,286,117,47,1929
SSC51526,14,6,0,0,62
SSC51527,3,3,0,0,12
SSC51528,269,173,53,5,1313
SSC51529,3,10,4,0,66
SSC51530,158,100,47,9,720
SSC51531,9,9,0,0,57
SSC51532,5,0,0,0,26
SSC51533,230,114,31,10,2739
SSC51534,37,27,4,3,198
SSC51535,3,0,0,0,15
SSC51536,10,3,0,0,91
SSC51537,3,7,3,0,20
SSC51538,10,4,0,0,39
SSC51539,9,3,0,0,69
SSC51540,0,0,0,0,8
SSC51541,0,0,0,0,0
SSC51542,348,173,46,6,4601
SSC51543,0,3,3,0,28
SSC51544,3,0,0,0,5
SSC51545,27,9,3,0,72
SSC51546,11,7,0,0,31
SSC51547,4,4,0,0,15
SSC51548,827,495,284,155,6706
SSC51549,535,385,303,76,3548
SSC51550,0,6,0,0,18
SSC51551,129,84,46,6,718
SSC51552,0,0,0,0,0
SSC51553,626,530,274,93,3716
SSC51554,0,0,0,0,0
SSC51555,0,0,0,0,6
SSC51556,12,10,0,0,66
SSC51557,37,53,36,12,249
SSC51558,0,0,0,0,9
SSC51559,0,0,0,0,8
SSC51560,0,0,0,0,8
SSC51561,81,32,6,0,595
SSC51562,355,237,100,66,2629
SSC51563,3,0,0,0,9
SSC51564,316,244,122,76,4133
SSC51565,15,8,4,0,50
SSC51566,26,14,3,0,159
SSC51567,9,12,5,3,34
SSC51568,10,3,0,0,37
SSC51569,65,33,18,4,639
SSC51570,62,50,13,0,223
SSC51571,8,3,4,0,40
SSC51572,259,169,106,24,3054
SSC51573,13,10,8,0,97
SSC51574,0,0,0,0,14
SSC51575,5,3,0,0,25
SSC51576,31,8,0,3,142
SSC51577,276,101,45,16,1587
SSC51578,29,20,10,0,210
SSC51579,0,0,0,0,0
SSC51580,0,0,0,0,0
SSC51581,0,0,0,0,7
SSC51582,4,0,0,0,9
SSC51583,0,0,0,0,0
SSC51584,20,17,6,0,125
SSC51585,97,10,0,0,1070
SSC51586,3,0,3,0,9
SSC51587,4,7,0,0,18
SSC51588,0,0,0,0,3
SSC51589,3,3,0,0,17
SSC51590,0,0,0,0,3
SSC51591,0,0,0,0,6
SSC51592,5,3,3,0,17
SSC51593,246,166,127,65,2333
SSC51594,3,0,0,0,66
SSC51595,1488,976,319,101,9084
SSC51596,21,18,0,0,74
SSC51597,75,41,18,3,390
SSC51598,11,14,4,0,63
SSC51599,41,29,3,0,219
SSC51600,394,257,166,123,3454
SSC51601,42,15,3,0,390
SSC51602,25,14,3,0,113
SSC51603,14,5,0,0,63
SSC51604,7,4,0,0,14
SSC51605,23,10,3,0,82
SSC51606,701,406,126,38,3212
SSC51607,27,18,3,0,133
SSC51608,183,140,72,8,1235
SSC51609,0,0,0,0,12
SSC51610,3,0,0,0,12
SSC51611,0,0,0,0,5
SSC51612,22,8,6,0,171
SSC51613,3,0,0,0,19
SSC51614,5,0,0,0,22
SSC51615,69,31,11,10,353
SSC51616,0,0,0,0,12
SSC51617,22,16,8,0,89
SSC51618,130,70,57,17,696
SSC51619,14,10,4,0,74
SSC51620,130,72,27,7,634
SSC51621,348,232,231,72,2225
SSC51622,0,0,0,0,4
SSC51623,49,37,21,3,267
SSC51624,928,396,157,60,4562
SSC51625,4,3,0,0,40
SSC51626,0,0,0,0,20
SSC51627,3,5,4,0,12
SSC51628,0,0,0,0,8
SSC51629,173,84,26,0,2233
SSC51630,106,64,15,3,577
SSC51631,11,6,0,0,32
SSC51632,6,5,0,0,9
SSC51633,8,3,5,4,36
SSC51634,102,69,34,3,567
SSC51635,38,22,8,4,174
SSC51636,0,0,0,0,0
SSC51637,31,31,20,11,161
SSC51638,0,0,0,0,7
SSC51639,48,34,4,0,299
SSC51640,6,0,0,0,9
SSC51641,0,0,0,0,12
SSC51642,14,10,4,0,79
SSC51643,169,128,148,139,1318
SSC51644,0,0,0,0,0
SSC51645,25,4,3,0,156
SSC51646,3,6,0,0,26
SSC51647,110,81,24,3,586
SSC51648,44,22,5,0,157
SSC51649,128,109,26,0,1099
SSC51650,454,391,207,99,4097
SSC51651,0,0,0,0,11
SSC51652,3,0,0,0,6
SSC51653,467,180,77,17,3462
SSC51654,18,9,5,0,71
SSC51655,0,0,0,0,6
SSC51656,0,0,0,0,5
SSC51657,5,3,0,0,26
SSC51658,38,24,6,0,168
SSC51659,0,0,0,0,7
SSC51660,9,5,0,0,34
SSC51661,10,7,0,0,38
SSC51662,0,0,0,0,0
SSC51663,13,6,4,0,50
SSC51664,6,0,0,0,3
SSC51665,3,0,0,0,9
SSC51666,13,3,4,0,42
SSC51667,7,3,0,0,25
SSC51668,4,0,0,0,18
SSC51669,0,0,0,0,9
SSC51670,3,0,0,0,20
SSC51671,0,0,0,0,3
SSC51672,780,463,374,204,6563
SSC51673,8,4,0,0,41
SSC51674,233,233,113,26,1144
SSC51675,0,3,0,0,13
SSC51676,11,8,4,0,37
SSC51677,0,0,0,0,6
SSC51678,5,0,0,0,26
SSC51679,48,34,9,0,178
SSC51680,0,0,0,0,6
SSC51681,3,3,0,0,8
SSC51682,0,0,0,0,0
SSC51683,0,0,0,0,0
SSC59494,633,368,58,13,3820
SSC59797,31,4,3,0,338
